Facultad,nombre_carrera,Malla,cod_ramo,Asignatura,año,semestre,horas_duracion,SCT,SOLOPROCESOS
"INGENIERÍA, CIENCIA Y TECNOLOGÍA",CONTADOR AUDITOR,MRC26,MAT32001,MATEMÁTICAS I,1,1,72,6,0
"INGENIERÍA, CIENCIA Y TECNOLOGÍA",CONTADOR AUDITOR,MRC26,ADM32001,ADMINISTRACIÓN I,1,1,54,6,0
"INGENIERÍA, CIENCIA Y TECNOLOGÍA",CONTADOR AUDITOR,MRC26,ECO32001,ECONOMÍA,1,1,54,5,0
"INGENIERÍA, CIENCIA Y TECNOLOGÍA",CONTADOR AUDITOR,MRC26,COS32001,COSTOS I,1,1,54,6,0
"INGENIERÍA, CIENCIA Y TECNOLOGÍA",CONTADOR AUDITOR,MRC26,IDU32001,IDENTIDAD UNIVERSITARIA I,1,1,36,3,0
"INGENIERÍA, CIENCIA Y TECNOLOGÍA",CONTADOR AUDITOR,MRC26,LEN32001,LENGUA EXTRAJERA I,1,1,54,4,0
"INGENIERÍA, CIENCIA Y TECNOLOGÍA",CONTADOR AUDITOR,MRC26,MAT32002,MATEMÁTICAS II,1,2,72,6,0
"INGENIERÍA, CIENCIA Y TECNOLOGÍA",CONTADOR AUDITOR,MRC26,CONT32002,CONTABILIDAD I,1,2,54,6,0
"INGENIERÍA, CIENCIA Y TECNOLOGÍA",CONTADOR AUDITOR,MRC26,MIC32002,MICROECONOMÍA,1,2,54,5,0
"INGENIERÍA, CIENCIA Y TECNOLOGÍA",CONTADOR AUDITOR,MRC26,COS32002,COSTOS II,1,2,54,6,0
"INGENIERÍA, CIENCIA Y TECNOLOGÍA",CONTADOR AUDITOR,MRC26,IDU32002,IDENTIDAD UNIVERSITARIA II,1,2,36,3,0
"INGENIERÍA, CIENCIA Y TECNOLOGÍA",CONTADOR AUDITOR,MRC26,LEN32002,LENGUA EXTRANJERA II,1,2,54,4,0
"INGENIERÍA, CIENCIA Y TECNOLOGÍA",CONTADOR AUDITOR,MRC26,MAT32003,MATEMÁTICAS III,2,3,72,6,0
"INGENIERÍA, CIENCIA Y TECNOLOGÍA",CONTADOR AUDITOR,MRC26,EST32003,ESTADÍSTICA I,2,3,72,6,0
"INGENIERÍA, CIENCIA Y TECNOLOGÍA",CONTADOR AUDITOR,MRC26,CON32003,CONTABILIDAD II,2,3,54,6,0
"INGENIERÍA, CIENCIA Y TECNOLOGÍA",CONTADOR AUDITOR,MRC26,DLC32003,DERECHO LABORAL Y COMERCIAL,2,3,54,5,0
"INGENIERÍA, CIENCIA Y TECNOLOGÍA",CONTADOR AUDITOR,MRC26,FED32003,FORMACIÓN ÉTICA PARA EL DESARROLLO SOSTENIBLE,2,3,36,3,0
"INGENIERÍA, CIENCIA Y TECNOLOGÍA",CONTADOR AUDITOR,MRC26,LEN32003,LENGUA EXTRANJERA III,2,3,54,4,0
"INGENIERÍA, CIENCIA Y TECNOLOGÍA",CONTADOR AUDITOR,MRC26,EST32004,ESTADÍSTICA II,2,4,72,6,0
"INGENIERÍA, CIENCIA Y TECNOLOGÍA",CONTADOR AUDITOR,MRC26,CON32004,CONTABILIDAD III,2,4,54,6,0
"INGENIERÍA, CIENCIA Y TECNOLOGÍA",CONTADOR AUDITOR,MRC26,RBE32004,REPORTES BAJO ESG,2,4,54,6,0
"INGENIERÍA, CIENCIA Y TECNOLOGÍA",CONTADOR AUDITOR,MRC26,DRT32004,DERECHO TRIBUTARIO,2,4,54,5,0
"INGENIERÍA, CIENCIA Y TECNOLOGÍA",CONTADOR AUDITOR,MRC26,RSU32004,RESPONSABILIDAD SOCIAL UNIVERSITARIA,2,4,36,3,0
"INGENIERÍA, CIENCIA Y TECNOLOGÍA",CONTADOR AUDITOR,MRC26,LEN32004,LENGUA EXTRANJERA IV,2,4,54,4,0
"INGENIERÍA, CIENCIA Y TECNOLOGÍA",CONTADOR AUDITOR,MRC26,AND32005,ANÁLISIS DE DATOS,3,5,72,6,0
"INGENIERÍA, CIENCIA Y TECNOLOGÍA",CONTADOR AUDITOR,MRC26,AUD32005,AUDITORIA I,3,5,72,6,0
"INGENIERÍA, CIENCIA Y TECNOLOGÍA",CONTADOR AUDITOR,MRC26,FAC32005,FINANZAS APLICADAS A LA CONTABILIDAD I,3,5,72,6,0
"INGENIERÍA, CIENCIA Y TECNOLOGÍA",CONTADOR AUDITOR,MRC26,AGT32005,ADMINISTRACIÓN Y GESTIÓN DEL TALENTO HUMANO,3,5,54,4,0
"INGENIERÍA, CIENCIA Y TECNOLOGÍA",CONTADOR AUDITOR,MRC26,AUT32005,AUDITORÍA TRIBUTARIA,3,5,72,6,0
"INGENIERÍA, CIENCIA Y TECNOLOGÍA",CONTADOR AUDITOR,MRC26,EFG32005,ELECTIVO DE FORMACIÓN GENERAL I,3,5,36,2,0
"INGENIERÍA, CIENCIA Y TECNOLOGÍA",CONTADOR AUDITOR,MRC26,AUT32006,AUDITORÍA TIC,3,6,72,6,0
"INGENIERÍA, CIENCIA Y TECNOLOGÍA",CONTADOR AUDITOR,MRC26,AUD32006,AUDITORÍA II,3,6,90,6,0
"INGENIERÍA, CIENCIA Y TECNOLOGÍA",CONTADOR AUDITOR,MRC26,FAC32006,FINANZAS APLICADAS A LA CONTABILIDAD II,3,6,72,6,0
"INGENIERÍA, CIENCIA Y TECNOLOGÍA",CONTADOR AUDITOR,MRC26,AFP32006,AUDITORÍA FORENSE Y DELITOS ECONÓMICOS,3,6,54,5,0
"INGENIERÍA, CIENCIA Y TECNOLOGÍA",CONTADOR AUDITOR,MRC26,TIN32006,TRIBUTACIÓN INTERNACIONAL,3,6,72,5,0
"INGENIERÍA, CIENCIA Y TECNOLOGÍA",CONTADOR AUDITOR,MRC26,EFG32006,ELECTIVO DE FORMACIÓN GENERAL II,3,6,36,2,0
"INGENIERÍA, CIENCIA Y TECNOLOGÍA",CONTADOR AUDITOR,MRC26,MIN32007,METODOLOGÍA DE INVESTIGACIÓN,4,7,72,4,0
"INGENIERÍA, CIENCIA Y TECNOLOGÍA",CONTADOR AUDITOR,MRC26,NIF32007,NORMAS IFRS,4,7,72,4,0
"INGENIERÍA, CIENCIA Y TECNOLOGÍA",CONTADOR AUDITOR,MRC26,JNE32007,JUEGO DE NEGOCIOS,4,7,72,4,0
"INGENIERÍA, CIENCIA Y TECNOLOGÍA",CONTADOR AUDITOR,MRC26,ITA32007,"INNOVACIÓN, TECNOLOGÍA Y ANALÍTICA DE DATOS",4,7,54,4,0
"INGENIERÍA, CIENCIA Y TECNOLOGÍA",CONTADOR AUDITOR,MRC26,PPF32007,PRÁCTICA PROFESIONAL,4,7,392,15,0
"INGENIERÍA, CIENCIA Y TECNOLOGÍA",CONTADOR AUDITOR,MRC26,ACT32008,ACTIVIDAD DE TITULACIÓN,4,8,72,14,0
"INGENIERÍA, CIENCIA Y TECNOLOGÍA",CONTADOR AUDITOR,MRC26,AEF32009,AUDITORÍA ESTADOS FINANCIEROS CON IFRS,4,8,90,5,0
"INGENIERÍA, CIENCIA Y TECNOLOGÍA",CONTADOR AUDITOR,MRC26,GSR32009,GESTIÓN DE RIESGOS,4,8,72,5,0
"INGENIERÍA, CIENCIA Y TECNOLOGÍA",CONTADOR AUDITOR,MRC26,TIF32009,TALLER IFRS,4,8,72,5,0
"INGENIERÍA, CIENCIA Y TECNOLOGÍA",CONTADOR AUDITOR,MRC26,LGJ0001,NIV0. LENGUAJE,1,1,20,,1
"INGENIERÍA, CIENCIA Y TECNOLOGÍA",CONTADOR AUDITOR,MRC26,MAT0001,NIV0. MATEMÁTICAS,1,1,40,,1
"INGENIERÍA, CIENCIA Y TECNOLOGÍA",CONTADOR AUDITOR,MRC26,TAU0001,NIV0. TALLER AUTOGESTIÓN,1,1,20,,1
CIENCIAS HUMANAS,DERECHO,MRC26,IND03301,INTRODUCCIÓN AL DERECHO,1,1,72,8,0
CIENCIAS HUMANAS,DERECHO,MRC26,DRO00301,DERECHO ROMANO,1,1,54,7,0
CIENCIAS HUMANAS,DERECHO,MRC26,HDE00301,HISTORIA DEL DERECHO,1,1,54,7,0
CIENCIAS HUMANAS,DERECHO,MRC26,LEN00301,LENGUA EXTRANJERA I,1,1,54,4,0
CIENCIAS HUMANAS,DERECHO,MRC26,IDU00301,IDENTIDAD UNIVERSITARIA I,1,1,36,3,0
CIENCIAS HUMANAS,DERECHO,MRC26,DEC00302,DERECHO CIVIL I,1,2,72,6,0
CIENCIAS HUMANAS,DERECHO,MRC26,DEP00302,DERECHO PROCESAL I,1,2,72,6,0
CIENCIAS HUMANAS,DERECHO,MRC26,FFD00302,FUNDAMENTOS FILOSÓFICOS DEL DERECHO,1,2,36,7,0
CIENCIAS HUMANAS,DERECHO,MRC26,LEN00302,LENGUA EXTRANJERA II,1,2,54,4,0
CIENCIAS HUMANAS,DERECHO,MRC26,IDU00302,IDENTIDAD UNIVERSITARIA II,1,2,36,3,0
CIENCIAS HUMANAS,DERECHO,MRC26,PRJ00302,PRÁCTICA JURÍDICA I,1,2,36,5,0
CIENCIAS HUMANAS,DERECHO,MRC26,DEC00303,DERECHO CIVIL II,2,3,72,7,0
CIENCIAS HUMANAS,DERECHO,MRC26,DEP00303,DERECHO PROCESAL II,2,3,72,7,0
CIENCIAS HUMANAS,DERECHO,MRC26,DCO00303,DERECHO CONSTITUCIONAL I,2,3,54,7,0
CIENCIAS HUMANAS,DERECHO,MRC26,LEN00303,LENGUA EXTRANJERA III,2,3,54,4,0
CIENCIAS HUMANAS,DERECHO,MRC26,FED00303,FORMACIÓN ÉTICA PARA EL DESARROLLO SOSTENIBLE,2,3,36,3,0
CIENCIAS HUMANAS,DERECHO,MRC26,EFG00303,ELECTIVO DE FORMACIÓN GENERAL I,2,3,36,2,0
CIENCIAS HUMANAS,DERECHO,MRC26,DEC00304,DERECHO CIVIL III,2,4,72,5,0
CIENCIAS HUMANAS,DERECHO,MRC26,DEP00304,DERECHO PROCESAL III,2,4,72,5,0
CIENCIAS HUMANAS,DERECHO,MRC26,DCO00304,DERECHO CONSTITUCIONAL II,2,4,36,5,0
CIENCIAS HUMANAS,DERECHO,MRC26,LEN00304,LENGUA EXTRANJERA IV,2,4,54,4,0
CIENCIAS HUMANAS,DERECHO,MRC26,RSU00304,RESPONSABILIDAD SOCIAL UNIVERSITARIA,2,4,36,3,0
CIENCIAS HUMANAS,DERECHO,MRC26,EFG00304,ELECTIVO DE FORMACIÓN GENERAL II,2,4,36,2,0
CIENCIAS HUMANAS,DERECHO,MRC26,PRJ00304,PRÁCTICA JURÍDICA II,2,4,54,6,0
CIENCIAS HUMANAS,DERECHO,MRC26,DCO00305,DERECHO COMERCIAL I,3,5,36,5,0
CIENCIAS HUMANAS,DERECHO,MRC26,DEC00305,DERECHO ECONÓMICO,3,5,36,5,0
CIENCIAS HUMANAS,DERECHO,MRC26,DCI00305,DERECHO CIVIL IV,3,5,72,5,0
CIENCIAS HUMANAS,DERECHO,MRC26,DPR00305,DERECHO PROCESAL IV,3,5,72,5,0
CIENCIAS HUMANAS,DERECHO,MRC26,DAD00305,DERECHO ADMINISTRATIVO I,3,5,36,3,0
CIENCIAS HUMANAS,DERECHO,MRC26,DLA00305,DERECHO LABORAL,3,5,54,3,0
CIENCIAS HUMANAS,DERECHO,MRC26,DPE00305,DERECHO PENAL I,3,5,72,5,0
CIENCIAS HUMANAS,DERECHO,MRC26,DC00306,DERECHO COMERCIAL II,3,6,36,5,0
CIENCIAS HUMANAS,DERECHO,MRC26,DCI00306,DERECHO CIVIL V,3,6,72,5,0
CIENCIAS HUMANAS,DERECHO,MRC26,DPR00306,DERECHO PROCESAL V,3,6,72,5,0
CIENCIAS HUMANAS,DERECHO,MRC26,DAD00306,DERECHO ADMISTRATIVO II,3,6,36,3,0
CIENCIAS HUMANAS,DERECHO,MRC26,DPE00306,DERECHO PENAL II,3,6,54,5,0
CIENCIAS HUMANAS,DERECHO,MRC26,PRJ00306,PRÁCTICA JURÍDICA III,3,6,36,6,0
CIENCIAS HUMANAS,DERECHO,MRC26,DTR00307,DERECHO TRIBUTARIO I,4,7,36,4,0
CIENCIAS HUMANAS,DERECHO,MRC26,DCI00307,DERECHO CIVIL VI,4,7,72,5,0
CIENCIAS HUMANAS,DERECHO,MRC26,DPR00307,DERECHO PROCESAL VI,4,7,72,4,0
CIENCIAS HUMANAS,DERECHO,MRC26,MRC00307,MÉTODOS ALTERNATIVOS DE RESOLUCIÓN DE CONFLICTOS,4,7,54,5,0
CIENCIAS HUMANAS,DERECHO,MRC26,DIP00307,DERECHO INTERNACIONAL PÚBLICO,4,7,36,5,0
CIENCIAS HUMANAS,DERECHO,MRC26,DPE00307,DERECHO PENAL III,4,7,54,5,0
CIENCIAS HUMANAS,DERECHO,MRC26,DTR00308,DERECHO TRIBUTARIO II,4,8,54,4,0
CIENCIAS HUMANAS,DERECHO,MRC26,MIC00308,METODOLOGÍA  DE LA INVESTIGACIÓN CUANTITATIVA,4,8,54,5,0
CIENCIAS HUMANAS,DERECHO,MRC26,DCI00308,DERECHO CIVIL VII,4,8,72,5,0
CIENCIAS HUMANAS,DERECHO,MRC26,DIP00308,DERECHO INTERNACIONAL PRIVADO,4,8,36,3,0
CIENCIAS HUMANAS,DERECHO,MRC26,DPE00308,DERECHO PENAL IV,4,8,54,5,0
CIENCIAS HUMANAS,DERECHO,MRC26,CLJ00308,CLÍNICA JURÍDICA I,4,8,207,10,0
CIENCIAS HUMANAS,DERECHO,MRC26,MIC00309,METODOLOGÍA DE LA INVESTIGACIÓN CUALITATIVA,5,9,54,5,0
CIENCIAS HUMANAS,DERECHO,MRC26,DCI00309,DERECHO CIVIL VIII,5,9,90,9,0
CIENCIAS HUMANAS,DERECHO,MRC26,ETI00309,ÉTICA,5,9,54,6,0
CIENCIAS HUMANAS,DERECHO,MRC26,OP100309,OPTATIVO DE PROFUNDIZACIÓN I,5,9,54,5,0
CIENCIAS HUMANAS,DERECHO,MRC26,OP200309,OPTATIVO DE PROFUNDIZACIÓN II,5,9,54,5,0
CIENCIAS HUMANAS,DERECHO,MRC26,CLJ00309,CLÍNICA JURÍDICA II,5,9,207,10,0
CIENCIAS HUMANAS,DERECHO,MRC26,TGR00310,TRABAJO DE GRADO,5,10,108,20,0
CIENCIAS HUMANAS,DERECHO,MRC26,LGJ0001,NIV0. LENGUAJE,1,1,40,,1
CIENCIAS HUMANAS,DERECHO,MRC26,MAT0001,NIV0. MATEMÁTICAS,1,1,20,,1
CIENCIAS HUMANAS,DERECHO,MRC26,TAU0001,NIV0. TALLER AUTOGESTIÓN,1,1,20,,1
CIENCIAS HUMANAS,DERECHO,MRC26,TIP0001,NIV0. TALLER INTRODUCCIÓN A LA PROFESIÓN,1,1,20,,1
CIENCIAS MÉDICAS,ENFERMERÍA,MRC26,FBG21401,FUNDAMENTOS DE BIOLOGÍA Y GENÉTICA HUMANA,1,1,54,4,0
CIENCIAS MÉDICAS,ENFERMERÍA,MRC26,BQB21401,BASES QUÍMICAS Y BIOQUÍMICAS DE LA VIDA,1,1,54,4,0
CIENCIAS MÉDICAS,ENFERMERÍA,MRC26,GCE21401,GESTIÓN DEL CUIDADO EN ENFERMERÍA I,1,1,54,5,0
CIENCIAS MÉDICAS,ENFERMERÍA,MRC26,EDE21401,EDUCACIÓN EN ENFERMERÍA ,1,1,54,5,0
CIENCIAS MÉDICAS,ENFERMERÍA,MRC26,IDU21401,IDENTIDAD UNIVERSITARIA I,1,1,36,3,0
CIENCIAS MÉDICAS,ENFERMERÍA,MRC26,LEN21401,LENGUA EXTRANJERA I,1,1,54,4,0
CIENCIAS MÉDICAS,ENFERMERÍA,MRC26,PIE21401,PRÁCTICA INTEGRADA EN ENFERMERÍA I,1,1,54,5,0
CIENCIAS MÉDICAS,ENFERMERÍA,MRC26,MMM21402,MORFOLOGÍA MICRO Y MACROSCÓPICA,1,2,72,6,0
CIENCIAS MÉDICAS,ENFERMERÍA,MRC26,MAI21402,MICROBIOLOGÍA Y AGENTES INFECCIOSOS,1,2,54,4,0
CIENCIAS MÉDICAS,ENFERMERÍA,MRC26,GCE21402,GESTIÓN DEL CUIDADO EN ENFERMERÍA II,1,2,54,4,0
CIENCIAS MÉDICAS,ENFERMERÍA,MRC26,MHI21402,MATEMÁTICAS Y HERRAMIENTAS INFORMÁTICAS PARA LA GÉSTIÓN EN SALUD,1,2,54,5,0
CIENCIAS MÉDICAS,ENFERMERÍA,MRC26,IDU21402,IDENTIDAD UNIVERSITARIA II,1,2,36,3,0
CIENCIAS MÉDICAS,ENFERMERÍA,MRC26,LEN21402,LENGUA EXTRANJERA II,1,2,54,4,0
CIENCIAS MÉDICAS,ENFERMERÍA,MRC26,PIE21402,PRÁCTICA INTEGRADA EN ENFERMERÍA II,1,2,54,4,0
CIENCIAS MÉDICAS,ENFERMERÍA,MRC26,IFF21403,"INTEGRADO EN FISIOLOGÍA, FISIOPATOLOGÍA Y FARMACOLOGÍA EN ENFERMERÍA I",2,3,72,7,0
CIENCIAS MÉDICAS,ENFERMERÍA,MRC26,GCE21403,GESTIÓN DEL CUIDADO EN ENFERMERÍA III,2,3,54,7,0
CIENCIAS MÉDICAS,ENFERMERÍA,MRC26,FED21403,FORMACIÓN ÉTICA PARA EL DESARROLLO SOSTENIBLE,2,3,36,3,0
CIENCIAS MÉDICAS,ENFERMERÍA,MRC26,EFG21403,ELECTIVO DE FORMACIÓN GENERAL I,2,3,36,2,0
CIENCIAS MÉDICAS,ENFERMERÍA,MRC26,LEN21403,LENGUA EXTRANJERA III,2,3,54,4,0
CIENCIAS MÉDICAS,ENFERMERÍA,MRC26,PIE21403,PRÁCTICA INTEGRADA EN ENFERMERÍA III,2,3,54,7,0
CIENCIAS MÉDICAS,ENFERMERÍA,MRC26,EDS21404,ENFERMERÍA EN SALUD PÚBLICA Y DETERMINANTES SOCIALES,2,4,54,5,0
CIENCIAS MÉDICAS,ENFERMERÍA,MRC26,IFF21404,"INTEGRADO DE FISIOLOGÍA, FISIOPATOLOGÍA Y FARMACOLOGÍA EN ENFERMERÍA II",2,4,72,7,0
CIENCIAS MÉDICAS,ENFERMERÍA,MRC26,GCE21404,GESTIÓN DEL CUIDADO EN ENFERMERÍA IV,2,4,54,6,0
CIENCIAS MÉDICAS,ENFERMERÍA,MRC26,RSU21404,RESPONSABILIDAD SOCIAL UNIVERSITARIA ,2,4,36,3,0
CIENCIAS MÉDICAS,ENFERMERÍA,MRC26,LEN21404,LENGUA EXTRANJERA IV,2,4,54,4,0
CIENCIAS MÉDICAS,ENFERMERÍA,MRC26,PIE21404,PRÁCTICA INTEGRADA EN ENFERMERÍA IV,2,4,54,5,0
CIENCIAS MÉDICAS,ENFERMERÍA,MRC26,EBE21405,ÉTICA Y BIOÉTICA EN ENFERMERÍA,3,5,54,4,0
CIENCIAS MÉDICAS,ENFERMERÍA,MRC26,GCC21405,GESTIÓN DEL CUIDADO EN COMUNIDADES I,3,5,54,4,0
CIENCIAS MÉDICAS,ENFERMERÍA,MRC26,GCA21405,GESTIÓN DEL CUIDADO EN EL ADULTO,3,5,54,6,0
CIENCIAS MÉDICAS,ENFERMERÍA,MRC26,GCP21405,GESTIÓN DEL CUIDADO EN LA PERSONA MAYOR,3,5,54,4,0
CIENCIAS MÉDICAS,ENFERMERÍA,MRC26,PES21405,PLANIFICACIÓN ESTRATÉGICA I,3,5,54,4,0
CIENCIAS MÉDICAS,ENFERMERÍA,MRC26,PIE21405,PRÁCTICA INTEGRADA EN ENFERMERÍA V,3,5,172,8,0
CIENCIAS MÉDICAS,ENFERMERÍA,MRC26,MIN21406,METODOLOGÍA DE LA INVESTIGACIÓN,3,6,54,5,0
CIENCIAS MÉDICAS,ENFERMERÍA,MRC26,GCC21406,GESTIÓN DEL CUIDADO EN COMUNIDADES II,3,6,54,5,0
CIENCIAS MÉDICAS,ENFERMERÍA,MRC26,SOC21406,SALUD OCUPACIONAL,3,6,54,5,0
CIENCIAS MÉDICAS,ENFERMERÍA,MRC26,PES21406,PLANIFICACIÓN ESTRATÉGICA II,3,6,54,5,0
CIENCIAS MÉDICAS,ENFERMERÍA,MRC26,EFG21406,ELECTIVO DE FORMACIÓN GENERAL II,3,6,36,2,0
CIENCIAS MÉDICAS,ENFERMERÍA,MRC26,PIE21406,PRÁCTICA INTEGRADA EN ENFERMERÍA VI,3,6,154,8,0
CIENCIAS MÉDICAS,ENFERMERÍA,MRC26,SIE21407,SEMINARIO DE INVESTIGACIÓN EN ENFERMERÍA I,4,7,54,5,0
CIENCIAS MÉDICAS,ENFERMERÍA,MRC26,GCC21407,GESTIÓN DEL CUIDADOS EN COMUNIDADES III,4,7,54,6,0
CIENCIAS MÉDICAS,ENFERMERÍA,MRC26,GCI21407,GESTIÓN DEL CUIDADO EN LA INFANCIA Y ADOLESCENCIA I,4,7,54,6,0
CIENCIAS MÉDICAS,ENFERMERÍA,MRC26,BPF21407,BIENESTAR PROFESIONAL,4,7,54,5,0
CIENCIAS MÉDICAS,ENFERMERÍA,MRC26,PIE21407,PRÁCTICA INTEGRADA EN ENFERMERÍA VII,4,7,154,8,0
CIENCIAS MÉDICAS,ENFERMERÍA,MRC26,SIE21408,SEMINARIO EN INVESTIGACIÓN EN ENFERMERÍA II,4,8,54,3,0
CIENCIAS MÉDICAS,ENFERMERÍA,MRC26,GCI21408,GESTIÓN DEL CUIDADO EN LA INFANCIA Y ADOLESCENCIA II,4,8,54,5,0
CIENCIAS MÉDICAS,ENFERMERÍA,MRC26,GCU21408,GESTIÓN DEL CUIDADO EN URGENCIAS,4,8,54,4,0
CIENCIAS MÉDICAS,ENFERMERÍA,MRC26,GCS21408,GESTIÓN DEL CUIDADO EN SALUD MENTAL  Y PSIQUIATRÍA,4,8,54,5,0
CIENCIAS MÉDICAS,ENFERMERÍA,MRC26,GCO21408,GESTIÓN DEL CUIDADO EN ONCOLOGÍA Y CUIDADOS PALIATIVOS,4,8,54,5,0
CIENCIAS MÉDICAS,ENFERMERÍA,MRC26,PIE21408,PRÁCTICA INTEGRADA EN ENFERMERÍA VIII,4,8,154,8,0
CIENCIAS MÉDICAS,ENFERMERÍA,MRC26,IEC21409,INTERVENCIÓN DE ENFERMERÍA EN SALUD COMUNITARIA,5,9,54,5,0
CIENCIAS MÉDICAS,ENFERMERÍA,MRC26,ISF21409,ENFERMERÍA EN SALUD FAMILIAR,5,9,54,5,0
CIENCIAS MÉDICAS,ENFERMERÍA,MRC26,PEH21409,PRÁCTICA PROFESIONAL EN ENFERMERÍA HOSPITALARIA (A),5,9,405,20,0
CIENCIAS MÉDICAS,ENFERMERÍA,MRC26,CEA21409,CUIDADOS EN ENFERMERÍA EN ADULTO CRÍTICO,5,9,54,5,0
CIENCIAS MÉDICAS,ENFERMERÍA,MRC26,EUQ21409,ENFERMERÍA EN UNIDADES QUIRÚRGICAS DEL ADULTO,5,9,54,5,0
CIENCIAS MÉDICAS,ENFERMERÍA,MRC26,PEA21409,PRÁCTICA PROFESIONAL EN ENFERMERÍA EN ATENCIÓN PRIMARIA DE SALUD (B),5,9,405,20,0
CIENCIAS MÉDICAS,ENFERMERÍA,MRC26,PPA21410,PRÁCTICA PROFESIONAL EN ENFERMERÍA EN ATENCIÓN PRIMARIA DE SALUD (A),5,10,540,30,0
CIENCIAS MÉDICAS,ENFERMERÍA,MRC26,PPH21410,PRÁCTICA PROFESIONAL EN ENFERMERÍA HOSPITALARIA (B),5,10,540,30,0
CIENCIAS MÉDICAS,ENFERMERÍA,MRC26,LGJ0001,NIV0. LENGUAJE,1,1,20,,1
CIENCIAS MÉDICAS,ENFERMERÍA,MRC26,MAT0001,NIV0. MATEMÁTICAS,1,1,40,,1
CIENCIAS MÉDICAS,ENFERMERÍA,MRC26,TAU0001,NIV0. TALLER AUTOGESTIÓN,1,1,20,,1
CIENCIAS MÉDICAS,ENFERMERÍA,MRC26,CIE0001,NIV0. CIENCIAS,1,1,40,,1
CIENCIAS DE LA SALUD,FONOAUDIOLOGÍA,MRC26,MMM24601,MORFOLOGÍA MICRO Y MACROSCOPICA,1,1,72,6,0
CIENCIAS DE LA SALUD,FONOAUDIOLOGÍA,MRC26,FCH24601,FONOAUDIOLOGÍA Y COMUNICACIÓN HUMANA,1,1,90,7,0
CIENCIAS DE LA SALUD,FONOAUDIOLOGÍA,MRC26,PSD24601,PSICOLOGÍA DEL DESARROLLO HUMANO,1,1,36,4,0
CIENCIAS DE LA SALUD,FONOAUDIOLOGÍA,MRC26,IIC24601,INCLUSIÓN E INTERCULTURALIDAD,1,1,36,3,0
CIENCIAS DE LA SALUD,FONOAUDIOLOGÍA,MRC26,IDU24601,IDENTIDAD UNIVERSITARIA I,1,1,36,3,0
CIENCIAS DE LA SALUD,FONOAUDIOLOGÍA,MRC26,LEN24601,LENGUA EXTRANJERA I,1,1,54,4,0
CIENCIAS DE LA SALUD,FONOAUDIOLOGÍA,MRC26,PIF24601,PRÁCTICA INTEGRADA EN FONOAUDIOLOGÍA I,1,1,36,4,0
CIENCIAS DE LA SALUD,FONOAUDIOLOGÍA,MRC26,BCE24602,BIOLOGÍA DE LA CONDUCTA Y EMOCIÓN,1,2,54,4,0
CIENCIAS DE LA SALUD,FONOAUDIOLOGÍA,MRC26,FSE24602,FONOAUDIOLOGÍA EN SALUD Y EDUCACIÓN,1,2,36,6,0
CIENCIAS DE LA SALUD,FONOAUDIOLOGÍA,MRC26,LAP24602,LINGÜÍSTICA  APLICADA I,1,2,72,8,0
CIENCIAS DE LA SALUD,FONOAUDIOLOGÍA,MRC26,IDU24602,IDENTIDAD UNIVERSITARIA II,1,2,36,3,0
CIENCIAS DE LA SALUD,FONOAUDIOLOGÍA,MRC26,LEN24602,LENGUA EXTRANJERA II,1,2,54,4,0
CIENCIAS DE LA SALUD,FONOAUDIOLOGÍA,MRC26,PIF24602,PRÁCTICA INTEGRADA EN FONOAUDIOLOGÍA II,1,2,36,4,0
CIENCIAS DE LA SALUD,FONOAUDIOLOGÍA,MRC26,NAN24603,NEUROANATOMÍA Y NEUROFISIOLOGÍA,2,3,54,4,0
CIENCIAS DE LA SALUD,FONOAUDIOLOGÍA,MRC26,NEU24603,NEUROLOGÍA,2,3,72,6,0
CIENCIAS DE LA SALUD,FONOAUDIOLOGÍA,MRC26,LAP24603,LINGÜÍSTICA  APLICADA II,2,3,72,6,0
CIENCIAS DE LA SALUD,FONOAUDIOLOGÍA,MRC26,FED24603,FORMACIÓN ÉTICA PARA EL DESARROLLO SOSTENIBLE,2,3,36,3,0
CIENCIAS DE LA SALUD,FONOAUDIOLOGÍA,MRC26,EFG24603,ELECTIVO DE FORMACIÓN GENERAL I,2,3,36,2,0
CIENCIAS DE LA SALUD,FONOAUDIOLOGÍA,MRC26,LEN24603,LENGUA EXTRANJERA III,2,3,54,4,0
CIENCIAS DE LA SALUD,FONOAUDIOLOGÍA,MRC26,PIF24603,PRÁCTICA INTEGRADA EN FONOAUDIOLOGÍA III,2,3,72,6,0
CIENCIAS DE LA SALUD,FONOAUDIOLOGÍA,MRC26,SPU24604,SALUD PÚBLICA,2,4,36,4,0
CIENCIAS DE LA SALUD,FONOAUDIOLOGÍA,MRC26,NEC24604,NEUROCIENCIAS DE LA COMUNICACIÓN,2,4,72,6,0
CIENCIAS DE LA SALUD,FONOAUDIOLOGÍA,MRC26,NPL24604,NEUROPSICOLINGÜÍSTICA,2,4,54,6,0
CIENCIAS DE LA SALUD,FONOAUDIOLOGÍA,MRC26,RSU24604,RESPONSABILIDAD SOCIAL UNIVERSITARIA,2,4,36,3,0
CIENCIAS DE LA SALUD,FONOAUDIOLOGÍA,MRC26,LEN24604,LENGUA EXTRANJERA IV,2,4,54,4,0
CIENCIAS DE LA SALUD,FONOAUDIOLOGÍA,MRC26,PIF24604,PRÁCTICA INTEGRADA EN FONOAUDILOGÍA IV,2,4,72,6,0
CIENCIAS DE LA SALUD,FONOAUDIOLOGÍA,MRC26,AUO24605,AUDIOLOGÍA Y OTONEUROLOGÍA I,3,5,72,6,0
CIENCIAS DE LA SALUD,FONOAUDIOLOGÍA,MRC26,EUF24605,EUFONÍA,3,5,54,5,0
CIENCIAS DE LA SALUD,FONOAUDIOLOGÍA,MRC26,FET24605,FONOESTOMATOLOGÍA,3,5,54,5,0
CIENCIAS DE LA SALUD,FONOAUDIOLOGÍA,MRC26,CLI24605,COGNICIÓN Y LENGUAJE INFANTO-JUVENIL I,3,5,90,7,0
CIENCIAS DE LA SALUD,FONOAUDIOLOGÍA,MRC26,PSF24605,"PSIQUIATRÍA, SALUD MENTAL Y FONOAUDIOLOGÍA",3,5,36,3,0
CIENCIAS DE LA SALUD,FONOAUDIOLOGÍA,MRC26,EFG24605,ELECTIVO DE FORMACIÓN GENERAL II,3,5,36,2,0
CIENCIAS DE LA SALUD,FONOAUDIOLOGÍA,MRC26,PIF24605,PRÁCTICA INTEGRADA EN FONOAUDIOLOGÍA V,3,5,36,3,0
CIENCIAS DE LA SALUD,FONOAUDIOLOGÍA,MRC26,AUO24606,AUDIOLOGÍA Y OTONEUROLOGÍA II,3,6,72,6,0
CIENCIAS DE LA SALUD,FONOAUDIOLOGÍA,MRC26,UPC24606,VOZ PROFESIONAL Y CLÍNICA I,3,6,72,5,0
CIENCIAS DE LA SALUD,FONOAUDIOLOGÍA,MRC26,MOF24606,MOTRICIDAD OROFACIAL,3,6,72,5,0
CIENCIAS DE LA SALUD,FONOAUDIOLOGÍA,MRC26,CLI24606,COGNICIÓN Y LENGUAJE INFANTO-JUVENIL II,3,6,90,7,0
CIENCIAS DE LA SALUD,FONOAUDIOLOGÍA,MRC26,FMP24606,FUNDAMENTOS METODOLÓGICOS PARA PROYECTOS DE INVESTIGACIÓN,3,6,36,3,0
CIENCIAS DE LA SALUD,FONOAUDIOLOGÍA,MRC26,PIF24606,PRÁCTICA INTEGRADA EN FONOAUDIOLOGÍA VI,3,6,36,3,0
CIENCIAS DE LA SALUD,FONOAUDIOLOGÍA,MRC26,RAO24607,REHABILITACIÓN AUDIOLÓGICA Y OTONEUROLÓGICA,3,7,72,6,0
CIENCIAS DE LA SALUD,FONOAUDIOLOGÍA,MRC26,UPC24607,VOZ PROFESIONAL Y CLÍNICA II,3,7,72,6,0
CIENCIAS DE LA SALUD,FONOAUDIOLOGÍA,MRC26,HIJ24607,HABLA INFANTO-JUVENIL,3,7,54,4,0
CIENCIAS DE LA SALUD,FONOAUDIOLOGÍA,MRC26,CLA24607,COGNICIÓN Y LENGUAJE ADULTO Y PERSONA MAYOR I,3,7,72,6,0
CIENCIAS DE LA SALUD,FONOAUDIOLOGÍA,MRC26,DIJ24607,DEGLUCIÓN INFANTO-JUVENIL ,3,7,72,6,0
CIENCIAS DE LA SALUD,FONOAUDIOLOGÍA,MRC26,PIF24607,PRÁCTICA INTEGRADA EN FONOAUDIOLOGÍA VII,3,7,36,3,0
CIENCIAS DE LA SALUD,FONOAUDIOLOGÍA,MRC26,HAP24608,HABLA EN ADULTO Y PERSONA MAYOR,4,8,54,4,0
CIENCIAS DE LA SALUD,FONOAUDIOLOGÍA,MRC26,CLA24608,COGNICIÓN Y LENGUAJE EN ADULTO Y PERSONA MAYOR II,4,8,72,6,0
CIENCIAS DE LA SALUD,FONOAUDIOLOGÍA,MRC26,DAP24608,DEGLUCIÓN EN ADULTO Y PERSONA MAYOR,4,8,72,6,0
CIENCIAS DE LA SALUD,FONOAUDIOLOGÍA,MRC26,TFG24608,TRABAJO FINAL DE GRADO,4,8,36,3,0
CIENCIAS DE LA SALUD,FONOAUDIOLOGÍA,MRC26,PPI24608,PRÁCTICA PROFESIONAL INICIAL EN FONOAUDILOGÍA,4,8,96,10,0
CIENCIAS DE LA SALUD,FONOAUDIOLOGÍA,MRC26,PPF24609,PRÁCTICA PROFESIONAL EN FONOAUDIOLOGÍA I,5,9,168,18,0
CIENCIAS DE LA SALUD,FONOAUDIOLOGÍA,MRC26,PP224609,PRÁCTICA PROFESIONAL EN FONOAUDIOLOGÍA II,5,9,120,12,0
CIENCIAS DE LA SALUD,FONOAUDIOLOGÍA,MRC26,SCL24609,SEMINARIO CLÍNICO,5,9,36,2,0
CIENCIAS DE LA SALUD,FONOAUDIOLOGÍA,MRC26,PPF24610,PRÁCTICA PROFESIONAL EN FONOAUDIOLOGÍA III,5,10,168,18,0
CIENCIAS DE LA SALUD,FONOAUDIOLOGÍA,MRC26,PPA24610,PRÁCTICA PROFESIONAL AVANZADA EN FONOAUDIOLOGÍA,5,10,84,10,0
CIENCIAS DE LA SALUD,FONOAUDIOLOGÍA,MRC26,CIE0001,NIV0. CIENCIAS,1,1,40,,1
CIENCIAS DE LA SALUD,FONOAUDIOLOGÍA,MRC26,LGJ0001,NIV0. LENGUAJE,1,1,20,,1
CIENCIAS DE LA SALUD,FONOAUDIOLOGÍA,MRC26,MAT0001,NIV0. MATEMÁTICAS,1,1,40,,1
CIENCIAS DE LA SALUD,FONOAUDIOLOGÍA,MRC26,TAU0001,NIV0. TALLER AUTOGESTIÓN,1,1,20,,1
"INGENIERÍA, CIENCIA Y TECNOLOGÍA",INGENIERÍA EN INFORMÁTICA,MRC26,ALG24301,ÁLGEBRA I,1,1,72,6,0
"INGENIERÍA, CIENCIA Y TECNOLOGÍA",INGENIERÍA EN INFORMÁTICA,MRC26,ALP24301,ALGORITMOS Y PROGRAMACIÓN,1,1,72,8,0
"INGENIERÍA, CIENCIA Y TECNOLOGÍA",INGENIERÍA EN INFORMÁTICA,MRC26,REA24301,REDES,1,1,54,5,0
"INGENIERÍA, CIENCIA Y TECNOLOGÍA",INGENIERÍA EN INFORMÁTICA,MRC26,IIA24301,INTRODUCCIÓN A LA INTELIGENCIA  ARTIFICIAL,1,1,36,4,0
"INGENIERÍA, CIENCIA Y TECNOLOGÍA",INGENIERÍA EN INFORMÁTICA,MRC26,IDU24301,IDENTIDAD UNIVERSITARIA I,1,1,36,3,0
"INGENIERÍA, CIENCIA Y TECNOLOGÍA",INGENIERÍA EN INFORMÁTICA,MRC26,LEN24301,LENGUA EXTRANJERA I,1,1,54,4,0
"INGENIERÍA, CIENCIA Y TECNOLOGÍA",INGENIERÍA EN INFORMÁTICA,MRC26,ALG24302,ÁLGEBRA II,1,2,72,6,0
"INGENIERÍA, CIENCIA Y TECNOLOGÍA",INGENIERÍA EN INFORMÁTICA,MRC26,CAL24302,CÁLCULO I,1,2,72,6,0
"INGENIERÍA, CIENCIA Y TECNOLOGÍA",INGENIERÍA EN INFORMÁTICA,MRC26,POO24302,PROGRAMACIÓN ORIENTADA  A OBJETOS,1,2,72,4,0
"INGENIERÍA, CIENCIA Y TECNOLOGÍA",INGENIERÍA EN INFORMÁTICA,MRC26,SOP24302,SISTEMAS OPERATIVOS,1,2,54,3,0
"INGENIERÍA, CIENCIA Y TECNOLOGÍA",INGENIERÍA EN INFORMÁTICA,MRC26,BDS24302,BASES DE DATOS Y SISTEMAS,1,2,72,4,0
"INGENIERÍA, CIENCIA Y TECNOLOGÍA",INGENIERÍA EN INFORMÁTICA,MRC26,IDU24302,IDENTIDAD UNIVERSITARIA II,1,2,36,3,0
"INGENIERÍA, CIENCIA Y TECNOLOGÍA",INGENIERÍA EN INFORMÁTICA,MRC26,LEN24302,LENGUA EXTRANJERA II,1,2,54,4,0
"INGENIERÍA, CIENCIA Y TECNOLOGÍA",INGENIERÍA EN INFORMÁTICA,MRC26,CAL24303,CÁLCULO II,2,3,72,6,0
"INGENIERÍA, CIENCIA Y TECNOLOGÍA",INGENIERÍA EN INFORMÁTICA,MRC26,TEC24303,TECNOLOGÍAS CLOUD,2,3,54,5,0
"INGENIERÍA, CIENCIA Y TECNOLOGÍA",INGENIERÍA EN INFORMÁTICA,MRC26,ESD24303,ESTRUCTURA DE DATOS,2,3,54,6,0
"INGENIERÍA, CIENCIA Y TECNOLOGÍA",INGENIERÍA EN INFORMÁTICA,MRC26,PIT24303,PROGRAMACIÓN IOT,2,3,54,6,0
"INGENIERÍA, CIENCIA Y TECNOLOGÍA",INGENIERÍA EN INFORMÁTICA,MRC26,FED24303,FORMACIÓN ÉTICA PARA EL DESARROLLO SOSTENIBLE,2,3,36,3,0
"INGENIERÍA, CIENCIA Y TECNOLOGÍA",INGENIERÍA EN INFORMÁTICA,MRC26,LEN24303,LENGUA EXTRANJERA III,2,3,54,4,0
"INGENIERÍA, CIENCIA Y TECNOLOGÍA",INGENIERÍA EN INFORMÁTICA,MRC26,EST24304,ESTADÍSTICA,2,4,72,6,0
"INGENIERÍA, CIENCIA Y TECNOLOGÍA",INGENIERÍA EN INFORMÁTICA,MRC26,PAA24304,PROGRAMACIÓN AVANZADA CON IA,2,4,54,6,0
"INGENIERÍA, CIENCIA Y TECNOLOGÍA",INGENIERÍA EN INFORMÁTICA,MRC26,CIB24304,CIBERSEGURIDAD,2,4,54,5,0
"INGENIERÍA, CIENCIA Y TECNOLOGÍA",INGENIERÍA EN INFORMÁTICA,MRC26,LMD24304,LENGUAJE DE MODELADO Y DOCUMENTACIÓN DE SISTEMAS,2,4,54,6,0
"INGENIERÍA, CIENCIA Y TECNOLOGÍA",INGENIERÍA EN INFORMÁTICA,MRC26,RSU24304,RESPONSABILIDAD SOCIAL UNIVERSITARIA,2,4,36,3,0
"INGENIERÍA, CIENCIA Y TECNOLOGÍA",INGENIERÍA EN INFORMÁTICA,MRC26,LEN24304,LENGUA EXTRANJERA IV,2,4,54,4,0
"INGENIERÍA, CIENCIA Y TECNOLOGÍA",INGENIERÍA EN INFORMÁTICA,MRC26,AMD24305,ANÁLISIS Y MINERÍA DE DATOS,3,5,54,5,0
"INGENIERÍA, CIENCIA Y TECNOLOGÍA",INGENIERÍA EN INFORMÁTICA,MRC26,PMU24305,PROGRAMACIÓN MULTIDISPOSITIVO,3,5,72,6,0
"INGENIERÍA, CIENCIA Y TECNOLOGÍA",INGENIERÍA EN INFORMÁTICA,MRC26,RTE24305,ROBÓTICA Y TECNOLOGÍAS EMERGENTES,3,5,54,6,0
"INGENIERÍA, CIENCIA Y TECNOLOGÍA",INGENIERÍA EN INFORMÁTICA,MRC26,ISF24305,INGENIERÍA DE SOFTWARE,3,5,54,6,0
"INGENIERÍA, CIENCIA Y TECNOLOGÍA",INGENIERÍA EN INFORMÁTICA,MRC26,PEP24305,PREPARACIÓN Y EVALUACIÓN DE PROYECTOS,3,5,54,4,0
"INGENIERÍA, CIENCIA Y TECNOLOGÍA",INGENIERÍA EN INFORMÁTICA,MRC26,EFG24305,ELECTIVO DE FORMACIÓN GENERAL I,3,5,36,2,0
"INGENIERÍA, CIENCIA Y TECNOLOGÍA",INGENIERÍA EN INFORMÁTICA,MRC26,MLE24306,MACHINE LEARNING,3,6,54,6,0
"INGENIERÍA, CIENCIA Y TECNOLOGÍA",INGENIERÍA EN INFORMÁTICA,MRC26,SAD24306,SISTEMA DE AUTOMATIZACIÓN DEVSECOPS,3,6,54,6,0
"INGENIERÍA, CIENCIA Y TECNOLOGÍA",INGENIERÍA EN INFORMÁTICA,MRC26,ETB24306,ENCRIPTACIÓN Y TECNOLOGÍA BLOCKCHAIN,3,6,54,6,0
"INGENIERÍA, CIENCIA Y TECNOLOGÍA",INGENIERÍA EN INFORMÁTICA,MRC26,TIS24306,TALLER DE INGENIERÍA DE SOFTWARE,3,6,54,6,0
"INGENIERÍA, CIENCIA Y TECNOLOGÍA",INGENIERÍA EN INFORMÁTICA,MRC26,DSI24306,DESARROLLO DE SOLUCIONES INTELIGENTES,3,6,54,5,0
"INGENIERÍA, CIENCIA Y TECNOLOGÍA",INGENIERÍA EN INFORMÁTICA,MRC26,EFG24306,ELECTIVO DE FORMACIÓN GENERAL II,3,6,36,2,0
"INGENIERÍA, CIENCIA Y TECNOLOGÍA",INGENIERÍA EN INFORMÁTICA,MRC26,BDM24307,BIG DATA METHODS,4,7,54,4,0
"INGENIERÍA, CIENCIA Y TECNOLOGÍA",INGENIERÍA EN INFORMÁTICA,MRC26,MAI24307,MODELOS AVANZADOS DE IA,4,7,54,5,0
"INGENIERÍA, CIENCIA Y TECNOLOGÍA",INGENIERÍA EN INFORMÁTICA,MRC26,ACI24307,AUDITORÍA A LA CIBERSEGURIDAD,4,7,54,4,0
"INGENIERÍA, CIENCIA Y TECNOLOGÍA",INGENIERÍA EN INFORMÁTICA,MRC26,TQA24307,TALLER DE QA,4,7,54,4,0
"INGENIERÍA, CIENCIA Y TECNOLOGÍA",INGENIERÍA EN INFORMÁTICA,MRC26,ITA24307,"INNOVACIÓN, TECNOLOGÍA Y ANALÍTICA DE DATOS",4,7,54,4,0
"INGENIERÍA, CIENCIA Y TECNOLOGÍA",INGENIERÍA EN INFORMÁTICA,MRC26,PPF24307,PRÁCTICA PROFESIONAL,4,7,372,17,0
"INGENIERÍA, CIENCIA Y TECNOLOGÍA",INGENIERÍA EN INFORMÁTICA,MRC26,ACT24308,ACTIVIDAD DE TITULACIÓN,4,8,90,8,0
"INGENIERÍA, CIENCIA Y TECNOLOGÍA",INGENIERÍA EN INFORMÁTICA,MRC26,ASC24308,ARQUITECTURA Y SEGURIDAD CLOUD,4,8,72,5,0
"INGENIERÍA, CIENCIA Y TECNOLOGÍA",INGENIERÍA EN INFORMÁTICA,MRC26,GPT24308,GESTIÓN DE PROYECTOS TI,4,8,72,5,0
"INGENIERÍA, CIENCIA Y TECNOLOGÍA",INGENIERÍA EN INFORMÁTICA,MRC26,DEE24308,DISEÑO DE EXPERIENCIAS Y ESTRATEGIAS DIGITALES,4,8,54,4,0
"INGENIERÍA, CIENCIA Y TECNOLOGÍA",INGENIERÍA EN INFORMÁTICA,MRC26,LGJ0001,NIV0. LENGUAJE,1,1,20,,1
"INGENIERÍA, CIENCIA Y TECNOLOGÍA",INGENIERÍA EN INFORMÁTICA,MRC26,MAT0001,NIV0. MATEMÁTICAS,1,1,40,,1
"INGENIERÍA, CIENCIA Y TECNOLOGÍA",INGENIERÍA EN INFORMÁTICA,MRC26,TAU0001,NIV0. TALLER AUTOGESTIÓN,1,1,20,,1
"INGENIERÍA, CIENCIA Y TECNOLOGÍA",INGENIERÍA EN INFORMÁTICA,MRC26,TIP0001,NIV0. TALLER INTRODUCCIÓN A LA PROFESIÓN,1,1,20,,1
"INGENIERÍA, CIENCIA Y TECNOLOGÍA",INGENIERIA CIVIL EN MEDIO AMBIENTE Y SUSTENTABILIDAD,MRC26,ALG31001,ÁLGEBRA I,1,1,72,6,0
"INGENIERÍA, CIENCIA Y TECNOLOGÍA",INGENIERIA CIVIL EN MEDIO AMBIENTE Y SUSTENTABILIDAD,MRC26,CAL31001,CÁLCULO I,1,1,72,6,0
"INGENIERÍA, CIENCIA Y TECNOLOGÍA",INGENIERIA CIVIL EN MEDIO AMBIENTE Y SUSTENTABILIDAD,MRC26,IIS31001,INTRODUCCIÓN A LA INGENIERÍA Y SOSTENIBILIDAD,1,1,54,6,0
"INGENIERÍA, CIENCIA Y TECNOLOGÍA",INGENIERIA CIVIL EN MEDIO AMBIENTE Y SUSTENTABILIDAD,MRC26,BIO31001,BIODIVERSIDAD,1,1,54,5,0
"INGENIERÍA, CIENCIA Y TECNOLOGÍA",INGENIERIA CIVIL EN MEDIO AMBIENTE Y SUSTENTABILIDAD,MRC26,IDU31001,IDENTIDAD UNIVERSITARIA I,1,1,36,3,0
"INGENIERÍA, CIENCIA Y TECNOLOGÍA",INGENIERIA CIVIL EN MEDIO AMBIENTE Y SUSTENTABILIDAD,MRC26,LEN31001,LENGUA EXTRANJERA I,1,1,54,4,0
"INGENIERÍA, CIENCIA Y TECNOLOGÍA",INGENIERIA CIVIL EN MEDIO AMBIENTE Y SUSTENTABILIDAD,MRC26,ALG31002,ÁLGEBRA II,1,2,72,6,0
"INGENIERÍA, CIENCIA Y TECNOLOGÍA",INGENIERIA CIVIL EN MEDIO AMBIENTE Y SUSTENTABILIDAD,MRC26,CAL31002,CÁLCULO II,1,2,72,6,0
"INGENIERÍA, CIENCIA Y TECNOLOGÍA",INGENIERIA CIVIL EN MEDIO AMBIENTE Y SUSTENTABILIDAD,MRC26,FGN31002,FÍSICA GENERAL,1,2,72,6,0
"INGENIERÍA, CIENCIA Y TECNOLOGÍA",INGENIERIA CIVIL EN MEDIO AMBIENTE Y SUSTENTABILIDAD,MRC26,HDA31002,HERRAMIENTAS DIGITALES PARA LA INGENIERÍA AMBIENTAL,1,2,54,5,0
"INGENIERÍA, CIENCIA Y TECNOLOGÍA",INGENIERIA CIVIL EN MEDIO AMBIENTE Y SUSTENTABILIDAD,MRC26,IDU31002,IDENTIDAD UNIVERSITARIA II,1,2,36,3,0
"INGENIERÍA, CIENCIA Y TECNOLOGÍA",INGENIERIA CIVIL EN MEDIO AMBIENTE Y SUSTENTABILIDAD,MRC26,LEN31002,LENGUA EXTRANJERA II,1,2,54,4,0
"INGENIERÍA, CIENCIA Y TECNOLOGÍA",INGENIERIA CIVIL EN MEDIO AMBIENTE Y SUSTENTABILIDAD,MRC26,CAL31003,CÁLCULO III,2,3,72,6,0
"INGENIERÍA, CIENCIA Y TECNOLOGÍA",INGENIERIA CIVIL EN MEDIO AMBIENTE Y SUSTENTABILIDAD,MRC26,EST31003,ESTADÍSTICA I,2,3,72,6,0
"INGENIERÍA, CIENCIA Y TECNOLOGÍA",INGENIERIA CIVIL EN MEDIO AMBIENTE Y SUSTENTABILIDAD,MRC26,TER31003,TERMODINÁMICA,2,3,72,6,0
"INGENIERÍA, CIENCIA Y TECNOLOGÍA",INGENIERIA CIVIL EN MEDIO AMBIENTE Y SUSTENTABILIDAD,MRC26,QIG31003,QUÍMICA GENERAL,2,3,54,4,0
"INGENIERÍA, CIENCIA Y TECNOLOGÍA",INGENIERIA CIVIL EN MEDIO AMBIENTE Y SUSTENTABILIDAD,MRC26,CTE31003,CIENCIAS DE LA TIERRA Y ECOLOGÍA,2,3,54,4,0
"INGENIERÍA, CIENCIA Y TECNOLOGÍA",INGENIERIA CIVIL EN MEDIO AMBIENTE Y SUSTENTABILIDAD,MRC26,FED31003,FORMACIÓN ÉTICA PARA EL DESARROLLO SOSTENIBLE,2,3,36,3,0
"INGENIERÍA, CIENCIA Y TECNOLOGÍA",INGENIERIA CIVIL EN MEDIO AMBIENTE Y SUSTENTABILIDAD,MRC26,LEN31003,LENGUA EXTRANJERA III,2,3,54,4,0
"INGENIERÍA, CIENCIA Y TECNOLOGÍA",INGENIERIA CIVIL EN MEDIO AMBIENTE Y SUSTENTABILIDAD,MRC26,EDF31004,ECUACIONES DIFERENCIALES,2,4,72,6,0
"INGENIERÍA, CIENCIA Y TECNOLOGÍA",INGENIERIA CIVIL EN MEDIO AMBIENTE Y SUSTENTABILIDAD,MRC26,EMG31004,ELECTRICIDAD Y MAGNETISMO,2,4,72,6,0
"INGENIERÍA, CIENCIA Y TECNOLOGÍA",INGENIERIA CIVIL EN MEDIO AMBIENTE Y SUSTENTABILIDAD,MRC26,EST31004,ESTADÍSTICA II,2,4,72,6,0
"INGENIERÍA, CIENCIA Y TECNOLOGÍA",INGENIERIA CIVIL EN MEDIO AMBIENTE Y SUSTENTABILIDAD,MRC26,QIA31004,QUÍMICA AMBIENTAL,2,4,36,2,0
"INGENIERÍA, CIENCIA Y TECNOLOGÍA",INGENIERIA CIVIL EN MEDIO AMBIENTE Y SUSTENTABILIDAD,MRC26,RSU31004,RESPONSABILIDAD SOCIAL UNIVERSITARIA,2,4,36,3,0
"INGENIERÍA, CIENCIA Y TECNOLOGÍA",INGENIERIA CIVIL EN MEDIO AMBIENTE Y SUSTENTABILIDAD,MRC26,LEN31004,LENGUA EXTRANJERA IV,2,4,54,4,0
"INGENIERÍA, CIENCIA Y TECNOLOGÍA",INGENIERIA CIVIL EN MEDIO AMBIENTE Y SUSTENTABILIDAD,MRC26,CON31005,CALOR Y ONDAS,3,5,72,6,0
"INGENIERÍA, CIENCIA Y TECNOLOGÍA",INGENIERIA CIVIL EN MEDIO AMBIENTE Y SUSTENTABILIDAD,MRC26,MAB31005,MICROBIOLOGÍA AMBIENTAL Y BIODEGRADACIÓN,3,5,54,4,0
"INGENIERÍA, CIENCIA Y TECNOLOGÍA",INGENIERIA CIVIL EN MEDIO AMBIENTE Y SUSTENTABILIDAD,MRC26,ECO31005,ECONOMÍA,3,5,54,6,0
"INGENIERÍA, CIENCIA Y TECNOLOGÍA",INGENIERIA CIVIL EN MEDIO AMBIENTE Y SUSTENTABILIDAD,MRC26,GVR31005,GESTIÓN Y VALORIZACIÓN DE RESIDUOS SÓLIDOS,3,5,54,6,0
"INGENIERÍA, CIENCIA Y TECNOLOGÍA",INGENIERIA CIVIL EN MEDIO AMBIENTE Y SUSTENTABILIDAD,MRC26,PGS31005,PARTICIPACIÓN Y GOBERNANZA PARA LA SOSTENIBIILIDAD,3,5,54,5,0
"INGENIERÍA, CIENCIA Y TECNOLOGÍA",INGENIERIA CIVIL EN MEDIO AMBIENTE Y SUSTENTABILIDAD,MRC26,EFG31005,ELECTIVO DE FORMACIÓN GENERAL I,3,5,36,2,0
"INGENIERÍA, CIENCIA Y TECNOLOGÍA",INGENIERIA CIVIL EN MEDIO AMBIENTE Y SUSTENTABILIDAD,MRC26,MEF31006,MECÁNICA DE FLUIDOS,3,6,72,6,0
"INGENIERÍA, CIENCIA Y TECNOLOGÍA",INGENIERIA CIVIL EN MEDIO AMBIENTE Y SUSTENTABILIDAD,MRC26,MAA31006,MEDICIÓN AMBIENTAL APLICADA,3,6,72,6,0
"INGENIERÍA, CIENCIA Y TECNOLOGÍA",INGENIERIA CIVIL EN MEDIO AMBIENTE Y SUSTENTABILIDAD,MRC26,EAM31006,ECONOMÍA AMBIENTAL,3,6,54,6,0
"INGENIERÍA, CIENCIA Y TECNOLOGÍA",INGENIERIA CIVIL EN MEDIO AMBIENTE Y SUSTENTABILIDAD,MRC26,GEO31006,GEOMÁTICA,3,6,72,6,0
"INGENIERÍA, CIENCIA Y TECNOLOGÍA",INGENIERIA CIVIL EN MEDIO AMBIENTE Y SUSTENTABILIDAD,MRC26,FIN31006,FIINANZAS I,3,6,54,5,0
"INGENIERÍA, CIENCIA Y TECNOLOGÍA",INGENIERIA CIVIL EN MEDIO AMBIENTE Y SUSTENTABILIDAD,MRC26,EFG31006,ELECTIVO DE FORMACIÓN GENERAL II,3,6,36,2,0
"INGENIERÍA, CIENCIA Y TECNOLOGÍA",INGENIERIA CIVIL EN MEDIO AMBIENTE Y SUSTENTABILIDAD,MRC26,MIN31007,METODOLOGÍA DE LA INVESTIGACIÓN,4,7,54,5,0
"INGENIERÍA, CIENCIA Y TECNOLOGÍA",INGENIERIA CIVIL EN MEDIO AMBIENTE Y SUSTENTABILIDAD,MRC26,GTR31007,GESTIÓN HÍDRICA Y TRATAMIENTO DE RESIDUOS LÍQUIIDOS,4,7,72,5,0
"INGENIERÍA, CIENCIA Y TECNOLOGÍA",INGENIERIA CIVIL EN MEDIO AMBIENTE Y SUSTENTABILIDAD,MRC26,ERC31007,ENERGÍAS RENOVABLES NO CONVENCIONALES,4,7,54,6,0
"INGENIERÍA, CIENCIA Y TECNOLOGÍA",INGENIERIA CIVIL EN MEDIO AMBIENTE Y SUSTENTABILIDAD,MRC26,IMC31007,INGENIERÍA DE MATERIALES Y CICLOS DE VIDA,4,7,54,5,0
"INGENIERÍA, CIENCIA Y TECNOLOGÍA",INGENIERIA CIVIL EN MEDIO AMBIENTE Y SUSTENTABILIDAD,MRC26,OPT31007,ORDENAMIENTO Y PLANIFICACIÓN TERRITORIAL,4,7,54,5,0
"INGENIERÍA, CIENCIA Y TECNOLOGÍA",INGENIERIA CIVIL EN MEDIO AMBIENTE Y SUSTENTABILIDAD,MRC26,ITA31007,"INNOVACIÓN, TECNOLOGÍA Y ANÁLITICA DE DATOS",4,7,54,4,0
"INGENIERÍA, CIENCIA Y TECNOLOGÍA",INGENIERIA CIVIL EN MEDIO AMBIENTE Y SUSTENTABILIDAD,MRC26,GCA31008,GESTIÓN DE LA CONTAMINACIÓN ATMOSFÉRICA Y CALIDAD DEL AIRE,4,8,54,5,0
"INGENIERÍA, CIENCIA Y TECNOLOGÍA",INGENIERIA CIVIL EN MEDIO AMBIENTE Y SUSTENTABILIDAD,MRC26,LNO31008,LEGISLACIÓN Y NORMAS,4,8,54,5,0
"INGENIERÍA, CIENCIA Y TECNOLOGÍA",INGENIERIA CIVIL EN MEDIO AMBIENTE Y SUSTENTABILIDAD,MRC26,EFE31008,EFICIENCIA ENERGÉTICA,4,8,54,5,0
"INGENIERÍA, CIENCIA Y TECNOLOGÍA",INGENIERIA CIVIL EN MEDIO AMBIENTE Y SUSTENTABILIDAD,MRC26,MEC31008,MODELO DE NEGOCIOS DE LA ECONOMÍA CIRCULAR,4,8,54,5,0
"INGENIERÍA, CIENCIA Y TECNOLOGÍA",INGENIERIA CIVIL EN MEDIO AMBIENTE Y SUSTENTABILIDAD,MRC26,PRI31008,PROCESOS INDUSTRIALES,4,8,54,5,0
"INGENIERÍA, CIENCIA Y TECNOLOGÍA",INGENIERIA CIVIL EN MEDIO AMBIENTE Y SUSTENTABILIDAD,MRC26,PEP31008,PREPARACIÓN Y EVALUACIÓN DE PROYECTOS,4,8,54,5,0
"INGENIERÍA, CIENCIA Y TECNOLOGÍA",INGENIERIA CIVIL EN MEDIO AMBIENTE Y SUSTENTABILIDAD,MRC26,SIE31009,SISTEMA DE EVALUACIÓN DE IMPACTO AMBIENTAL,5,9,54,5,0
"INGENIERÍA, CIENCIA Y TECNOLOGÍA",INGENIERIA CIVIL EN MEDIO AMBIENTE Y SUSTENTABILIDAD,MRC26,SAT31009,SISTEMAS ENERGÉTICOS AVANZADOS Y TECNOLOGÍAS EMERGENTES,5,9,54,5,0
"INGENIERÍA, CIENCIA Y TECNOLOGÍA",INGENIERIA CIVIL EN MEDIO AMBIENTE Y SUSTENTABILIDAD,MRC26,CID31009,CIENCIA DE DATOS,5,9,54,5,0
"INGENIERÍA, CIENCIA Y TECNOLOGÍA",INGENIERIA CIVIL EN MEDIO AMBIENTE Y SUSTENTABILIDAD,MRC26,SCR31009,SOSTENIBILIDAD CORPORATIVA Y RESPONSABILIDAD AMBIENTAL,5,9,54,5,0
"INGENIERÍA, CIENCIA Y TECNOLOGÍA",INGENIERIA CIVIL EN MEDIO AMBIENTE Y SUSTENTABILIDAD,MRC26,GAI31009,GEOMÁTICA  APLICADA A LA INGENIERÍA AMBIENTAL,5,9,54,5,0
"INGENIERÍA, CIENCIA Y TECNOLOGÍA",INGENIERIA CIVIL EN MEDIO AMBIENTE Y SUSTENTABILIDAD,MRC26,ACT31009,ACTIVIDAD DE TITULACIÓN I,5,9,36,5,0
"INGENIERÍA, CIENCIA Y TECNOLOGÍA",INGENIERIA CIVIL EN MEDIO AMBIENTE Y SUSTENTABILIDAD,MRC26,OPC31010,OPTATIVO DE CERTIFICACIÓN,5,10,36,5,0
"INGENIERÍA, CIENCIA Y TECNOLOGÍA",INGENIERIA CIVIL EN MEDIO AMBIENTE Y SUSTENTABILIDAD,MRC26,ACT31010,ACTIVIDAD DE TITULACIÓN II,5,10,72,5,0
"INGENIERÍA, CIENCIA Y TECNOLOGÍA",INGENIERIA CIVIL EN MEDIO AMBIENTE Y SUSTENTABILIDAD,MRC26,PPF31010,PRÁCTICA PROFESIONAL,5,10,472,20,0
"INGENIERÍA, CIENCIA Y TECNOLOGÍA",INGENIERIA CIVIL EN MEDIO AMBIENTE Y SUSTENTABILIDAD,MRC26,LGJ0001,NIV0. LENGUAJE,1,1,20,,1
"INGENIERÍA, CIENCIA Y TECNOLOGÍA",INGENIERIA CIVIL EN MEDIO AMBIENTE Y SUSTENTABILIDAD,MRC26,MAT0001,NIV0. MATEMÁTICAS,1,1,40,,1
"INGENIERÍA, CIENCIA Y TECNOLOGÍA",INGENIERIA CIVIL EN MEDIO AMBIENTE Y SUSTENTABILIDAD,MRC26,TAU0001,NIV0. TALLER AUTOGESTIÓN,1,1,20,,1
"INGENIERÍA, CIENCIA Y TECNOLOGÍA",INGENIERÍA CIVIL INDUSTRIAL,MRC26,ALG00201,ÁLGEBRA I,1,1,72,6,0
"INGENIERÍA, CIENCIA Y TECNOLOGÍA",INGENIERÍA CIVIL INDUSTRIAL,MRC26,CAL00201,CÁLCULO I,1,1,72,6,0
"INGENIERÍA, CIENCIA Y TECNOLOGÍA",INGENIERÍA CIVIL INDUSTRIAL,MRC26,ING00201,INTRODUCCIÓN  A LA INGENIERÍA,1,1,54,6,0
"INGENIERÍA, CIENCIA Y TECNOLOGÍA",INGENIERÍA CIVIL INDUSTRIAL,MRC26,PRO00201,PROGRAMACIÓN I,1,1,54,5,0
"INGENIERÍA, CIENCIA Y TECNOLOGÍA",INGENIERÍA CIVIL INDUSTRIAL,MRC26,IDU00201,IDENTIDAD UNIVERSITARIA I,1,1,36,3,0
"INGENIERÍA, CIENCIA Y TECNOLOGÍA",INGENIERÍA CIVIL INDUSTRIAL,MRC26,LEN00201,LENGUA EXTRANJERA I,1,1,54,4,0
"INGENIERÍA, CIENCIA Y TECNOLOGÍA",INGENIERÍA CIVIL INDUSTRIAL,MRC26,ALG00202,ÁLGEBRA II,1,2,72,6,0
"INGENIERÍA, CIENCIA Y TECNOLOGÍA",INGENIERÍA CIVIL INDUSTRIAL,MRC26,CAL00202,CÁLCULO II,1,2,72,6,0
"INGENIERÍA, CIENCIA Y TECNOLOGÍA",INGENIERÍA CIVIL INDUSTRIAL,MRC26,FGN002025,FÍSICA GENERAL,1,2,72,6,0
"INGENIERÍA, CIENCIA Y TECNOLOGÍA",INGENIERÍA CIVIL INDUSTRIAL,MRC26,PRO00202,PROGRAMACIÓN II,1,2,54,5,0
"INGENIERÍA, CIENCIA Y TECNOLOGÍA",INGENIERÍA CIVIL INDUSTRIAL,MRC26,IDU00202,IDENTIDAD UNIVERSITARIA II,1,2,36,3,0
"INGENIERÍA, CIENCIA Y TECNOLOGÍA",INGENIERÍA CIVIL INDUSTRIAL,MRC26,LEN00202,LENGUA EXTRANJERA II,1,2,54,4,0
"INGENIERÍA, CIENCIA Y TECNOLOGÍA",INGENIERÍA CIVIL INDUSTRIAL,MRC26,QID00203,QUÍMICA INDUSTRIAL,2,3,54,5,0
"INGENIERÍA, CIENCIA Y TECNOLOGÍA",INGENIERÍA CIVIL INDUSTRIAL,MRC26,EST00203,ESTADÍSTICA I,2,3,72,6,0
"INGENIERÍA, CIENCIA Y TECNOLOGÍA",INGENIERÍA CIVIL INDUSTRIAL,MRC26,CAL00203,CÁLCULO III,2,3,72,6,0
"INGENIERÍA, CIENCIA Y TECNOLOGÍA",INGENIERÍA CIVIL INDUSTRIAL,MRC26,TER00203,TERMODINÁMICA,2,3,72,6,0
"INGENIERÍA, CIENCIA Y TECNOLOGÍA",INGENIERÍA CIVIL INDUSTRIAL,MRC26,FED00203,FORMACIÓN ÉTICA PARA EL DESARROLLO SOSTENIBLE,2,3,36,3,0
"INGENIERÍA, CIENCIA Y TECNOLOGÍA",INGENIERÍA CIVIL INDUSTRIAL,MRC26,LEN00203,LENGUA EXTRANJERA III,2,3,54,4,0
"INGENIERÍA, CIENCIA Y TECNOLOGÍA",INGENIERÍA CIVIL INDUSTRIAL,MRC26,EDF00204,ECUACIONES DIFERENCIALES,2,4,72,6,0
"INGENIERÍA, CIENCIA Y TECNOLOGÍA",INGENIERÍA CIVIL INDUSTRIAL,MRC26,EMG00204,ELECTRICIDAD Y MAGNETISMO,2,4,72,6,0
"INGENIERÍA, CIENCIA Y TECNOLOGÍA",INGENIERÍA CIVIL INDUSTRIAL,MRC26,EST00204,ESTADÍSTICA II,2,4,72,6,0
"INGENIERÍA, CIENCIA Y TECNOLOGÍA",INGENIERÍA CIVIL INDUSTRIAL,MRC26,INM00204,INGENIERÍA DE MATERIALES,2,4,54,5,0
"INGENIERÍA, CIENCIA Y TECNOLOGÍA",INGENIERÍA CIVIL INDUSTRIAL,MRC26,RSU00204,RESPONSABILIDAD SOCIAL UNIVERSITARIA,2,4,36,3,0
"INGENIERÍA, CIENCIA Y TECNOLOGÍA",INGENIERÍA CIVIL INDUSTRIAL,MRC26,LEN00204,LENGUA EXTRANJERA IV,2,4,54,4,0
"INGENIERÍA, CIENCIA Y TECNOLOGÍA",INGENIERÍA CIVIL INDUSTRIAL,MRC26,CON00205,CALOR Y ONDAS,3,5,72,6,0
"INGENIERÍA, CIENCIA Y TECNOLOGÍA",INGENIERÍA CIVIL INDUSTRIAL,MRC26,CCO00205,CONTABILIDAD Y COSTOS,3,5,54,5,0
"INGENIERÍA, CIENCIA Y TECNOLOGÍA",INGENIERÍA CIVIL INDUSTRIAL,MRC26,GEL00205,GESTIÓN LOGÍSTICA,3,5,54,5,0
"INGENIERÍA, CIENCIA Y TECNOLOGÍA",INGENIERÍA CIVIL INDUSTRIAL,MRC26,IN00205,INVESTIGACIÓN DE OPERACIONES I,3,5,72,6,0
"INGENIERÍA, CIENCIA Y TECNOLOGÍA",INGENIERÍA CIVIL INDUSTRIAL,MRC26,ECO00205,ECONOMÍA,3,5,72,6,0
"INGENIERÍA, CIENCIA Y TECNOLOGÍA",INGENIERÍA CIVIL INDUSTRIAL,MRC26,EFG00205,ELECTIVO DE FORMACIÓN GENERAL I,3,5,36,2,0
"INGENIERÍA, CIENCIA Y TECNOLOGÍA",INGENIERÍA CIVIL INDUSTRIAL,MRC26,MEF00206,MECÁNICA DE FLUIDOS,3,6,72,6,0
"INGENIERÍA, CIENCIA Y TECNOLOGÍA",INGENIERÍA CIVIL INDUSTRIAL,MRC26,GOP00206,GESTIÓN DE OPERACIONES,3,6,72,6,0
"INGENIERÍA, CIENCIA Y TECNOLOGÍA",INGENIERÍA CIVIL INDUSTRIAL,MRC26,GSA00206,GESTIÓN DE SISTEMA AMBIENTAL,3,6,54,5,0
"INGENIERÍA, CIENCIA Y TECNOLOGÍA",INGENIERÍA CIVIL INDUSTRIAL,MRC26,FIN00206,FINANZAS,3,6,54,5,0
"INGENIERÍA, CIENCIA Y TECNOLOGÍA",INGENIERÍA CIVIL INDUSTRIAL,MRC26,INO00206,INVESTIGACIÓN DE OPERACIONES II,3,6,54,6,0
"INGENIERÍA, CIENCIA Y TECNOLOGÍA",INGENIERÍA CIVIL INDUSTRIAL,MRC26,EFG00206,ELECTIVO DE FORMACIÓN GENERAL II,3,6,36,2,0
"INGENIERÍA, CIENCIA Y TECNOLOGÍA",INGENIERÍA CIVIL INDUSTRIAL,MRC26,TRD00207,TRANSFORMACIÓN DIGITAL,4,7,54,5,0
"INGENIERÍA, CIENCIA Y TECNOLOGÍA",INGENIERÍA CIVIL INDUSTRIAL,MRC26,SIG00207,SISTEMAS DE INFORMACIÓN PARA LA GESTIÓN,4,7,36,5,0
"INGENIERÍA, CIENCIA Y TECNOLOGÍA",INGENIERÍA CIVIL INDUSTRIAL,MRC26,INE00207,INGENIERÍA ECONÓMICA,4,7,54,6,0
"INGENIERÍA, CIENCIA Y TECNOLOGÍA",INGENIERÍA CIVIL INDUSTRIAL,MRC26,MDI00207,METODOLOGÍA DE LA INVESTIGACIÓN,4,7,54,5,0
"INGENIERÍA, CIENCIA Y TECNOLOGÍA",INGENIERÍA CIVIL INDUSTRIAL,MRC26,MRK00207,MARKETING,4,7,54,5,0
"INGENIERÍA, CIENCIA Y TECNOLOGÍA",INGENIERÍA CIVIL INDUSTRIAL,MRC26,ITA00207,"INNOVACIÓN, TECNOLOGÍA Y ANALÍTICA DE DATOS",4,7,54,4,0
"INGENIERÍA, CIENCIA Y TECNOLOGÍA",INGENIERÍA CIVIL INDUSTRIAL,MRC26,TDS00208,TEORÍA DE DECISIONES EN SISTEMAS COMPLEJOS,4,8,54,5,0
"INGENIERÍA, CIENCIA Y TECNOLOGÍA",INGENIERÍA CIVIL INDUSTRIAL,MRC26,AIR00208,AUTOMATIZACIÓN INDUSTRIAL Y ROBÓTICA,4,8,54,5,0
"INGENIERÍA, CIENCIA Y TECNOLOGÍA",INGENIERÍA CIVIL INDUSTRIAL,MRC26,PRI00203,PROCESOS INDUSTRIALES,4,8,54,5,0
"INGENIERÍA, CIENCIA Y TECNOLOGÍA",INGENIERÍA CIVIL INDUSTRIAL,MRC26,PEP00208,PREPARACIÓN Y EVALUACIÓN DE PROYECTOS,4,8,54,5,0
"INGENIERÍA, CIENCIA Y TECNOLOGÍA",INGENIERÍA CIVIL INDUSTRIAL,MRC26,CID00208,CIENCIA DE DATOS,4,8,54,5,0
"INGENIERÍA, CIENCIA Y TECNOLOGÍA",INGENIERÍA CIVIL INDUSTRIAL,MRC26,GEE0008,GESTIÓN ESTRATÉGICA,4,8,54,5,0
"INGENIERÍA, CIENCIA Y TECNOLOGÍA",INGENIERÍA CIVIL INDUSTRIAL,MRC26,EFE00209,EFICIENCIA ENERGÉTICA,5,9,54,5,0
"INGENIERÍA, CIENCIA Y TECNOLOGÍA",INGENIERÍA CIVIL INDUSTRIAL,MRC26,LNG00209,"LIDERAZGO, NEGOCIACIÓN Y GESTIÓN DEL CAPITAL HUMANO",5,9,54,5,0
"INGENIERÍA, CIENCIA Y TECNOLOGÍA",INGENIERÍA CIVIL INDUSTRIAL,MRC26,SGC00209,SISTEMAS DE GESTIÓN Y CONTROL ESTRATÉGICO,5,9,54,5,0
"INGENIERÍA, CIENCIA Y TECNOLOGÍA",INGENIERÍA CIVIL INDUSTRIAL,MRC26,SIM00209,SIMULACIÓN,5,9,72,5,0
"INGENIERÍA, CIENCIA Y TECNOLOGÍA",INGENIERÍA CIVIL INDUSTRIAL,MRC26,GEP00209,GESTIÓN DE PROYECTOS,5,9,72,5,0
"INGENIERÍA, CIENCIA Y TECNOLOGÍA",INGENIERÍA CIVIL INDUSTRIAL,MRC26,ACT00209,ACTIVIDAD DE TITULACIÓN I,5,9,36,3,0
"INGENIERÍA, CIENCIA Y TECNOLOGÍA",INGENIERÍA CIVIL INDUSTRIAL,MRC26,ACT00210,ACTIVIDAD DE TITULACIÓN II,5,10,72,7,0
"INGENIERÍA, CIENCIA Y TECNOLOGÍA",INGENIERÍA CIVIL INDUSTRIAL,MRC26,PPF00210,PRÁCTICA PROFESIONAL,5,10,472,20,0
"INGENIERÍA, CIENCIA Y TECNOLOGÍA",INGENIERÍA CIVIL INDUSTRIAL,MRC26,OPC00210,OPTATIVO DE CERTIFICACIÓN,5,10,36,5,0
"INGENIERÍA, CIENCIA Y TECNOLOGÍA",INGENIERÍA CIVIL INDUSTRIAL,MRC26,LGJ0001,NIV0. LENGUAJE,1,1,20,,1
"INGENIERÍA, CIENCIA Y TECNOLOGÍA",INGENIERÍA CIVIL INDUSTRIAL,MRC26,MAT0001,NIV0. MATEMÁTICAS,1,1,40,,1
"INGENIERÍA, CIENCIA Y TECNOLOGÍA",INGENIERÍA CIVIL INDUSTRIAL,MRC26,TAU0001,NIV0. TALLER AUTOGESTIÓN,1,1,20,,1
"INGENIERÍA, CIENCIA Y TECNOLOGÍA",INGENIERÍA COMERCIAL,MRC26,MAT00101,MATEMÁTICAS I,1,1,72,6,0
"INGENIERÍA, CIENCIA Y TECNOLOGÍA",INGENIERÍA COMERCIAL,MRC26,EEG00101,ENTORNO ECONÓMICO GLOBAL,1,1,54,5,0
"INGENIERÍA, CIENCIA Y TECNOLOGÍA",INGENIERÍA COMERCIAL,MRC26,AEG00101,ADMINISTRACIÓN Y ÉTICA ORGANIZACIONAL,1,1,72,6,0
"INGENIERÍA, CIENCIA Y TECNOLOGÍA",INGENIERÍA COMERCIAL,MRC26,DCD00101,DESARROLLO DE COMPETENCIAS DIGITALES,1,1,54,4,0
"INGENIERÍA, CIENCIA Y TECNOLOGÍA",INGENIERÍA COMERCIAL,MRC26,LEN00101,LENGUA EXTRANJERA I,1,1,54,4,0
"INGENIERÍA, CIENCIA Y TECNOLOGÍA",INGENIERÍA COMERCIAL,MRC26,IDU00101,IDENTIDAD UNIVERSITTARIA I,1,1,36,3,0
"INGENIERÍA, CIENCIA Y TECNOLOGÍA",INGENIERÍA COMERCIAL,MRC26,MAT00102,MATEMÁTICAS II,1,2,72,6,0
"INGENIERÍA, CIENCIA Y TECNOLOGÍA",INGENIERÍA COMERCIAL,MRC26,FCE00102,FUNDAMENTOS CONTABLES PARA LA EMPRESA,1,2,54,5,0
"INGENIERÍA, CIENCIA Y TECNOLOGÍA",INGENIERÍA COMERCIAL,MRC26,MIC00102,MICROECONOMÍA I,1,2,54,5,0
"INGENIERÍA, CIENCIA Y TECNOLOGÍA",INGENIERÍA COMERCIAL,MRC26,ETD00102,ESTRATEGIAS DE GESTIÓN Y TOMA DE DECISIONES,1,2,54,5,0
"INGENIERÍA, CIENCIA Y TECNOLOGÍA",INGENIERÍA COMERCIAL,MRC26,STD00102,SISTEMAS TECNOLÓGICOS DIGITALES,1,2,54,4,0
"INGENIERÍA, CIENCIA Y TECNOLOGÍA",INGENIERÍA COMERCIAL,MRC26,LEN00102,LENGUA EXTRANJERA II,1,2,54,4,0
"INGENIERÍA, CIENCIA Y TECNOLOGÍA",INGENIERÍA COMERCIAL,MRC26,IDU00102,IDENTIDAD UNIVERSITARIA II,1,2,36,3,0
"INGENIERÍA, CIENCIA Y TECNOLOGÍA",INGENIERÍA COMERCIAL,MRC26,MAT00103,MATEMÁTICAS III,2,3,72,6,0
"INGENIERÍA, CIENCIA Y TECNOLOGÍA",INGENIERÍA COMERCIAL,MRC26,EST00103,ESTADÍSTICA I,2,3,72,6,0
"INGENIERÍA, CIENCIA Y TECNOLOGÍA",INGENIERÍA COMERCIAL,MRC26,COF00103,CONTABILIDAD FINANCIERA,2,3,54,6,0
"INGENIERÍA, CIENCIA Y TECNOLOGÍA",INGENIERÍA COMERCIAL,MRC26,MAC00103,MACROECONOMÍA I,2,3,54,5,0
"INGENIERÍA, CIENCIA Y TECNOLOGÍA",INGENIERÍA COMERCIAL,MRC26,LEN00103,LENGUA EXTRANJERA III,2,3,54,4,0
"INGENIERÍA, CIENCIA Y TECNOLOGÍA",INGENIERÍA COMERCIAL,MRC26,FED00103,FORMACIÓN ÉTICA PARA EL DESARROLLO SOSTENIBLE,2,3,36,3,0
"INGENIERÍA, CIENCIA Y TECNOLOGÍA",INGENIERÍA COMERCIAL,MRC26,EST00104,ESTADÍSTICA II,2,4,72,6,0
"INGENIERÍA, CIENCIA Y TECNOLOGÍA",INGENIERÍA COMERCIAL,MRC26,CPR00104,COSTOS Y PRESUPUESTOS,2,4,72,6,0
"INGENIERÍA, CIENCIA Y TECNOLOGÍA",INGENIERÍA COMERCIAL,MRC26,MIC00104,MICROECONOMÍA II,2,4,54,5,0
"INGENIERÍA, CIENCIA Y TECNOLOGÍA",INGENIERÍA COMERCIAL,MRC26,IME00104,INTELIGENCIA DE MARKETING Y ECOSISTEMAS DIGITALES,2,4,36,6,0
"INGENIERÍA, CIENCIA Y TECNOLOGÍA",INGENIERÍA COMERCIAL,MRC26,LEN00104,LENGUA EXTRANJERA IV,2,4,54,4,0
"INGENIERÍA, CIENCIA Y TECNOLOGÍA",INGENIERÍA COMERCIAL,MRC26,RSU00104,RESPONSABILIDAD SOCIAL UNIVERSITARIA,2,4,36,3,0
"INGENIERÍA, CIENCIA Y TECNOLOGÍA",INGENIERÍA COMERCIAL,MRC26,FIN00105,FINANZAS I,3,5,54,5,0
"INGENIERÍA, CIENCIA Y TECNOLOGÍA",INGENIERÍA COMERCIAL,MRC26,MAC00105,MACROECONOMÍA II,3,5,54,5,0
"INGENIERÍA, CIENCIA Y TECNOLOGÍA",INGENIERÍA COMERCIAL,MRC26,APP00105,ADMINISTRACIÓN Y POLÍTICAS PÚBLICAS,3,5,54,5,0
"INGENIERÍA, CIENCIA Y TECNOLOGÍA",INGENIERÍA COMERCIAL,MRC26,INM00105,INVESTIGACIÓN DE MERCADOS,3,5,72,6,0
"INGENIERÍA, CIENCIA Y TECNOLOGÍA",INGENIERÍA COMERCIAL,MRC26,DLC00105,DERECHO LABORAL Y COMERCIAL,3,5,36,6,0
"INGENIERÍA, CIENCIA Y TECNOLOGÍA",INGENIERÍA COMERCIAL,MRC26,EFG00105,ELECTIVO DE FORMACIÓN GENERAL I,3,5,36,2,0
"INGENIERÍA, CIENCIA Y TECNOLOGÍA",INGENIERÍA COMERCIAL,MRC26,FIN00106,FINANZAS II,3,6,54,5,0
"INGENIERÍA, CIENCIA Y TECNOLOGÍA",INGENIERÍA COMERCIAL,MRC26,ECO00106,ECONOMETRÍA,3,6,72,5,0
"INGENIERÍA, CIENCIA Y TECNOLOGÍA",INGENIERÍA COMERCIAL,MRC26,NDC00106,NEGOCIACIÓN Y DESARROLLO DEL LIDERAZGO,3,6,54,4,0
"INGENIERÍA, CIENCIA Y TECNOLOGÍA",INGENIERÍA COMERCIAL,MRC26,MKE00106,MARKETING ESTRATÉGICO,3,6,54,4,0
"INGENIERÍA, CIENCIA Y TECNOLOGÍA",INGENIERÍA COMERCIAL,MRC26,LOD00106,LOGÍSTICA Y DISTRIBUCIÓN,3,6,54,5,0
"INGENIERÍA, CIENCIA Y TECNOLOGÍA",INGENIERÍA COMERCIAL,MRC26,PEM00106,PRÁCTICA EMPRESARIAL I,3,6,136,8,0
"INGENIERÍA, CIENCIA Y TECNOLOGÍA",INGENIERÍA COMERCIAL,MRC26,ARF00107,ANÁLISIS DE RIESGO FINANCIERO,4,7,54,5,0
"INGENIERÍA, CIENCIA Y TECNOLOGÍA",INGENIERÍA COMERCIAL,MRC26,ITA00107,"INNOVACIÓN, TECNOLOGÍA Y ANALÍTICA DE DATOS",4,7,54,4,0
"INGENIERÍA, CIENCIA Y TECNOLOGÍA",INGENIERÍA COMERCIAL,MRC26,PES00107,PLANIFICACIÓN ESTRATÉGICA,4,7,54,6,0
"INGENIERÍA, CIENCIA Y TECNOLOGÍA",INGENIERÍA COMERCIAL,MRC26,MIN00107,METODOLOGÍA DE LA INVESTIGACIÓN,4,7,54,5,0
"INGENIERÍA, CIENCIA Y TECNOLOGÍA",INGENIERÍA COMERCIAL,MRC26,PEP00107,PREPARACIÓN Y EVALUACIÓN DE PROYECTOS,4,7,54,5,0
"INGENIERÍA, CIENCIA Y TECNOLOGÍA",INGENIERÍA COMERCIAL,MRC26,EFG00107,ELECTIVO DE FORMACIÓN GENERAL II,4,7,36,2,0
"INGENIERÍA, CIENCIA Y TECNOLOGÍA",INGENIERÍA COMERCIAL,MRC26,JNE00108,JUEGO DE NEGOCIOS,4,8,54,5,0
"INGENIERÍA, CIENCIA Y TECNOLOGÍA",INGENIERÍA COMERCIAL,MRC26,IOG00108,INNOVACIÓN ORGANIZACIONAL Y GESTIÓN DEL CAMBIO,4,8,54,4,0
"INGENIERÍA, CIENCIA Y TECNOLOGÍA",INGENIERÍA COMERCIAL,MRC26,CGE00108,CONTROL DE GESTIÓN,4,8,54,5,0
"INGENIERÍA, CIENCIA Y TECNOLOGÍA",INGENIERÍA COMERCIAL,MRC26,GPR00108,GESTIÓN DE PROYECTOS,4,8,54,6,0
"INGENIERÍA, CIENCIA Y TECNOLOGÍA",INGENIERÍA COMERCIAL,MRC26,DCA00108,DIRECCIÓN Y COMUNICACIÓN DE ALTOS MANDOS PARA NEGOCIOS,4,8,54,5,0
"INGENIERÍA, CIENCIA Y TECNOLOGÍA",INGENIERÍA COMERCIAL,MRC26,PEM00108,PRÁCTICA EMPRESARIAL II,4,8,136,8,0
"INGENIERÍA, CIENCIA Y TECNOLOGÍA",INGENIERÍA COMERCIAL,MRC26,O1E00109,OPTATIVO DE ESPECIALIZACIÓN I,5,9,54,5,0
"INGENIERÍA, CIENCIA Y TECNOLOGÍA",INGENIERÍA COMERCIAL,MRC26,O2E00109,OPTATIVO DE ESPECIALIZACIÓN II,5,9,54,5,0
"INGENIERÍA, CIENCIA Y TECNOLOGÍA",INGENIERÍA COMERCIAL,MRC26,O3E00109,OPTATIVO DE ESPECIALIZACIÓN III,5,9,54,5,0
"INGENIERÍA, CIENCIA Y TECNOLOGÍA",INGENIERÍA COMERCIAL,MRC26,O4E00109,OPTATIVO DE ESPECIALIZACIÓN IV,5,9,54,5,0
"INGENIERÍA, CIENCIA Y TECNOLOGÍA",INGENIERÍA COMERCIAL,MRC26,TFI00109,TRABAJO FINAL INTEGRADO I,5,9,72,15,0
"INGENIERÍA, CIENCIA Y TECNOLOGÍA",INGENIERÍA COMERCIAL,MRC26,O5E00110,OPTATIVO DE ESPECIALIZACIÓN V,5,10,54,7,0
"INGENIERÍA, CIENCIA Y TECNOLOGÍA",INGENIERÍA COMERCIAL,MRC26,O6E00110,OPTATIVO DE ESPECIALIZACIÓN VI,5,10,54,7,0
"INGENIERÍA, CIENCIA Y TECNOLOGÍA",INGENIERÍA COMERCIAL,MRC26,O7E00110,OPTATIVO DE ESPECIALIZACIÓN VII,5,10,36,6,0
"INGENIERÍA, CIENCIA Y TECNOLOGÍA",INGENIERÍA COMERCIAL,MRC26,TFI00110,TRABAJO FINAL INTEGRADO II,5,10,72,15,0
"INGENIERÍA, CIENCIA Y TECNOLOGÍA",INGENIERÍA COMERCIAL,MRC26,LGJ0001,NIV0. LENGUAJE,1,1,20,,1
"INGENIERÍA, CIENCIA Y TECNOLOGÍA",INGENIERÍA COMERCIAL,MRC26,MAT0001,NIV0. MATEMÁTICAS,1,1,40,,1
"INGENIERÍA, CIENCIA Y TECNOLOGÍA",INGENIERÍA COMERCIAL,MRC26,TAU0001,NIV0. TALLER AUTOGESTIÓN,1,1,20,,1
"INGENIERÍA, CIENCIA Y TECNOLOGÍA",INGENIERÍA EN MECATRÓNICA,MRC26,ALG45401,ÁLGEBRA,1,1,72,6,0
"INGENIERÍA, CIENCIA Y TECNOLOGÍA",INGENIERÍA EN MECATRÓNICA,MRC26,CAL45401,CÁLCULO I,1,1,72,6,0
"INGENIERÍA, CIENCIA Y TECNOLOGÍA",INGENIERÍA EN MECATRÓNICA,MRC26,IMN45401,INTRODUCCIÓN A LA MECATRÓNICA,1,1,36,4,0
"INGENIERÍA, CIENCIA Y TECNOLOGÍA",INGENIERÍA EN MECATRÓNICA,MRC26,PRO45401,PROGRAMACIÓN I,1,1,36,4,0
"INGENIERÍA, CIENCIA Y TECNOLOGÍA",INGENIERÍA EN MECATRÓNICA,MRC26,LEN45401,LENGUA EXTRANJERA I,1,1,54,4,0
"INGENIERÍA, CIENCIA Y TECNOLOGÍA",INGENIERÍA EN MECATRÓNICA,MRC26,IDU45401,IDENTIDAD UNIVERSITARIA I,1,1,36,3,0
"INGENIERÍA, CIENCIA Y TECNOLOGÍA",INGENIERÍA EN MECATRÓNICA,MRC26,TIT42401,TALLER IOT,1,1,36,3,0
"INGENIERÍA, CIENCIA Y TECNOLOGÍA",INGENIERÍA EN MECATRÓNICA,MRC26,FGN45402,FÍSICA GENERAL,1,2,72,6,0
"INGENIERÍA, CIENCIA Y TECNOLOGÍA",INGENIERÍA EN MECATRÓNICA,MRC26,CAL45402,CÁLCULO II,1,2,72,6,0
"INGENIERÍA, CIENCIA Y TECNOLOGÍA",INGENIERÍA EN MECATRÓNICA,MRC26,DME45402,DIBUJO MECATRÓNICO,1,2,36,5,0
"INGENIERÍA, CIENCIA Y TECNOLOGÍA",INGENIERÍA EN MECATRÓNICA,MRC26,PRO45402,PROGRAMACIÓN II,1,2,36,6,0
"INGENIERÍA, CIENCIA Y TECNOLOGÍA",INGENIERÍA EN MECATRÓNICA,MRC26,LEN45402,LENGUA EXTRANJERA II,1,2,54,4,0
"INGENIERÍA, CIENCIA Y TECNOLOGÍA",INGENIERÍA EN MECATRÓNICA,MRC26,IDU45402,IDENTIDAD UNIVERSITARIA II,1,2,36,3,0
"INGENIERÍA, CIENCIA Y TECNOLOGÍA",INGENIERÍA EN MECATRÓNICA,MRC26,EMG45403,ELECTRICIDAD Y MAGNETISMO,2,3,72,6,0
"INGENIERÍA, CIENCIA Y TECNOLOGÍA",INGENIERÍA EN MECATRÓNICA,MRC26,EST45403,ESTADÍSTICA,2,3,72,6,0
"INGENIERÍA, CIENCIA Y TECNOLOGÍA",INGENIERÍA EN MECATRÓNICA,MRC26,STM45403,SISTEMAS DE TRANSMISIÓN MECÁNICA,2,3,36,5,0
"INGENIERÍA, CIENCIA Y TECNOLOGÍA",INGENIERÍA EN MECATRÓNICA,MRC26,PMC45403,PROGRAMACIÓN DE MICROCONTROLADORES,2,3,36,6,0
"INGENIERÍA, CIENCIA Y TECNOLOGÍA",INGENIERÍA EN MECATRÓNICA,MRC26,LEN45403,LENGUA EXTRANJERA III,2,3,54,4,0
"INGENIERÍA, CIENCIA Y TECNOLOGÍA",INGENIERÍA EN MECATRÓNICA,MRC26,FED45403,FORMACIÓN ÉTICA PARA EL DESARROLLO SOSTENIBLE,2,3,36,3,0
"INGENIERÍA, CIENCIA Y TECNOLOGÍA",INGENIERÍA EN MECATRÓNICA,MRC26,CON45404,CALOR Y ONDAS,2,4,72,6,0
"INGENIERÍA, CIENCIA Y TECNOLOGÍA",INGENIERÍA EN MECATRÓNICA,MRC26,MNU45404,MÉTODOS NUMÉRICOS,2,4,72,6,0
"INGENIERÍA, CIENCIA Y TECNOLOGÍA",INGENIERÍA EN MECATRÓNICA,MRC26,CEL45404,CIRCUITOS ELECTRÓNICOS,2,4,54,6,0
"INGENIERÍA, CIENCIA Y TECNOLOGÍA",INGENIERÍA EN MECATRÓNICA,MRC26,LNO45404,LEGISLACIÓN Y NORMAS,2,4,36,5,0
"INGENIERÍA, CIENCIA Y TECNOLOGÍA",INGENIERÍA EN MECATRÓNICA,MRC26,LEN45404,LENGUA EXTRANJERA IV,2,4,54,4,0
"INGENIERÍA, CIENCIA Y TECNOLOGÍA",INGENIERÍA EN MECATRÓNICA,MRC26,RSU45404,RESPONSABILIDAD SOCIAL UNIVERSITARIA,2,4,36,3,0
"INGENIERÍA, CIENCIA Y TECNOLOGÍA",INGENIERÍA EN MECATRÓNICA,MRC26,TER45405,TERMODINÁMICA,3,5,72,6,0
"INGENIERÍA, CIENCIA Y TECNOLOGÍA",INGENIERÍA EN MECATRÓNICA,MRC26,CID45405,CIENCIA DE DATOS,3,5,54,5,0
"INGENIERÍA, CIENCIA Y TECNOLOGÍA",INGENIERÍA EN MECATRÓNICA,MRC26,MEF45405,MECÁNICA DE FLUIDOS,3,5,72,6,0
"INGENIERÍA, CIENCIA Y TECNOLOGÍA",INGENIERÍA EN MECATRÓNICA,MRC26,ELE45405,ELECTRÓNICA,3,5,54,6,0
"INGENIERÍA, CIENCIA Y TECNOLOGÍA",INGENIERÍA EN MECATRÓNICA,MRC26,SEM45405,SISTEMAS EMBEBIDOS,3,5,36,5,0
"INGENIERÍA, CIENCIA Y TECNOLOGÍA",INGENIERÍA EN MECATRÓNICA,MRC26,EFG45405,ELECTIVO DE FORMACIÓN GENERAL I,3,5,36,2,0
"INGENIERÍA, CIENCIA Y TECNOLOGÍA",INGENIERÍA EN MECATRÓNICA,MRC26,INA45406,INTELIGENCIA  ARTIFICIAL I,3,6,54,6,0
"INGENIERÍA, CIENCIA Y TECNOLOGÍA",INGENIERÍA EN MECATRÓNICA,MRC26,IRM45406,INGENIERÍA Y RESISTENCIA DE MATERIALES,3,6,72,6,0
"INGENIERÍA, CIENCIA Y TECNOLOGÍA",INGENIERÍA EN MECATRÓNICA,MRC26,CAU45406,CONTROL Y AUTOMATIZACIÓN,3,6,54,6,0
"INGENIERÍA, CIENCIA Y TECNOLOGÍA",INGENIERÍA EN MECATRÓNICA,MRC26,ROB45406,ROBÓTICA I,3,6,54,6,0
"INGENIERÍA, CIENCIA Y TECNOLOGÍA",INGENIERÍA EN MECATRÓNICA,MRC26,EFG45406,ELECTIVO DE FORMACIÓN GENERAL II,3,6,36,2,0
"INGENIERÍA, CIENCIA Y TECNOLOGÍA",INGENIERÍA EN MECATRÓNICA,MRC26,TMI45406,TALLER DE MANTENIMIENTOS INDUSTRIALES,3,6,36,4,0
"INGENIERÍA, CIENCIA Y TECNOLOGÍA",INGENIERÍA EN MECATRÓNICA,MRC26,INA45407,INTELIGENCIA  ARTIFICIAL II,4,7,54,5,0
"INGENIERÍA, CIENCIA Y TECNOLOGÍA",INGENIERÍA EN MECATRÓNICA,MRC26,PRF45407,PROCESOS DE FABRICACIÓN,4,7,54,6,0
"INGENIERÍA, CIENCIA Y TECNOLOGÍA",INGENIERÍA EN MECATRÓNICA,MRC26,OLM45407,OPERACIONES LOGÍSTICAS MECATRÓNICAS,4,7,54,5,0
"INGENIERÍA, CIENCIA Y TECNOLOGÍA",INGENIERÍA EN MECATRÓNICA,MRC26,ROB45407,ROBÓTICA II,4,7,54,6,0
"INGENIERÍA, CIENCIA Y TECNOLOGÍA",INGENIERÍA EN MECATRÓNICA,MRC26,ITA45407,"INNOVACIÓN, TECNOLOGÍA Y ANALÍTICA DE DATOS",4,7,54,4,0
"INGENIERÍA, CIENCIA Y TECNOLOGÍA",INGENIERÍA EN MECATRÓNICA,MRC26,TSM45407,TALLER DE SISTEMAS MECATRÓNICOS INTEGRADOS,4,7,36,4,0
"INGENIERÍA, CIENCIA Y TECNOLOGÍA",INGENIERÍA EN MECATRÓNICA,MRC26,SHN45408,SISTEMAS HIDRÁULICOS Y NEUMÁTICOS,4,8,36,5,0
"INGENIERÍA, CIENCIA Y TECNOLOGÍA",INGENIERÍA EN MECATRÓNICA,MRC26,PEP45408,PREPARACIÓN Y EVALUACIÓN DE PROYECTOS,4,8,54,5,0
"INGENIERÍA, CIENCIA Y TECNOLOGÍA",INGENIERÍA EN MECATRÓNICA,MRC26,PRI45408,PREVENCIÓN DE RIESGOS INDUSTRIALES,4,8,36,4,0
"INGENIERÍA, CIENCIA Y TECNOLOGÍA",INGENIERÍA EN MECATRÓNICA,MRC26,ISI45408,INTEGRACIÓN DE SISTEMAS DE INGENIERÍA MECATRÓNICA,4,8,54,6,0
"INGENIERÍA, CIENCIA Y TECNOLOGÍA",INGENIERÍA EN MECATRÓNICA,MRC26,TEE45408,TECNOLOGÍA EMERGENTES,4,8,72,6,0
"INGENIERÍA, CIENCIA Y TECNOLOGÍA",INGENIERÍA EN MECATRÓNICA,MRC26,TTD45408,TALLER DE TECNOLOGÍAS DUALES,4,8,36,4,0
"INGENIERÍA, CIENCIA Y TECNOLOGÍA",INGENIERÍA EN MECATRÓNICA,MRC26,PFI45409,PROYECTO FINAL INTEGRADO I,5,9,72,15,0
"INGENIERÍA, CIENCIA Y TECNOLOGÍA",INGENIERÍA EN MECATRÓNICA,MRC26,O1E45409,OPTATIVO DE ESPECIALIZACIÓN I,5,9,54,7,0
"INGENIERÍA, CIENCIA Y TECNOLOGÍA",INGENIERÍA EN MECATRÓNICA,MRC26,O2E45409,OPTATIVO DE ESPECIALIZACIÓN II,5,9,54,7,0
"INGENIERÍA, CIENCIA Y TECNOLOGÍA",INGENIERÍA EN MECATRÓNICA,MRC26,O3E45409,OPTATIVO DE ESPECIALIZACIÓN III,5,9,54,6,0
"INGENIERÍA, CIENCIA Y TECNOLOGÍA",INGENIERÍA EN MECATRÓNICA,MRC26,PFI45410,PROYECTO FINAL INTEGRADO II,5,10,72,15,0
"INGENIERÍA, CIENCIA Y TECNOLOGÍA",INGENIERÍA EN MECATRÓNICA,MRC26,O4E45410,OPTATIVO DE ESPECIALIZACIÓN IV,5,10,54,7,0
"INGENIERÍA, CIENCIA Y TECNOLOGÍA",INGENIERÍA EN MECATRÓNICA,MRC26,O5E45410,OPTATIVO DE ESPECIALIZACIÓN V,5,10,54,7,0
"INGENIERÍA, CIENCIA Y TECNOLOGÍA",INGENIERÍA EN MECATRÓNICA,MRC26,O6E45410,OPTATIVO DE ESPECIALIZACIÓN VI,5,10,54,6,0
"INGENIERÍA, CIENCIA Y TECNOLOGÍA",INGENIERÍA EN MECATRÓNICA,MRC26,LGJ0001,NIV0. LENGUAJE,1,1,20,,1
"INGENIERÍA, CIENCIA Y TECNOLOGÍA",INGENIERÍA EN MECATRÓNICA,MRC26,MAT0001,NIV0. MATEMÁTICAS,1,1,40,,1
"INGENIERÍA, CIENCIA Y TECNOLOGÍA",INGENIERÍA EN MECATRÓNICA,MRC26,TAU0001,NIV0. TALLER AUTOGESTIÓN,1,1,20,,1
"INGENIERÍA, CIENCIA Y TECNOLOGÍA",INGENIERÍA EN MECATRÓNICA,MRC26,TIP0001,NIV0. TALLER INTRODUCCIÓN A LA PROFESIÓN,1,1,20,,1
"INGENIERÍA, CIENCIA Y TECNOLOGÍA",INGENIERÍA EN REALIDAD VIRTUAL Y DISEÑO DE JUEGOS DIGITALES,MRC26,ALG35101,ÁLGEBRA,1,1,72,6,0
"INGENIERÍA, CIENCIA Y TECNOLOGÍA",INGENIERÍA EN REALIDAD VIRTUAL Y DISEÑO DE JUEGOS DIGITALES,MRC26,ALM35101,ALGORITMOS MULTIMEDIA,1,1,72,6,0
"INGENIERÍA, CIENCIA Y TECNOLOGÍA",INGENIERÍA EN REALIDAD VIRTUAL Y DISEÑO DE JUEGOS DIGITALES,MRC26,TEM35101,TECNOLOGÍAS MULTIMEDIA,1,1,54,5,0
"INGENIERÍA, CIENCIA Y TECNOLOGÍA",INGENIERÍA EN REALIDAD VIRTUAL Y DISEÑO DE JUEGOS DIGITALES,MRC26,PRM35101,PRODUCCIÓN  MULTIMEDIA,1,1,72,6,0
"INGENIERÍA, CIENCIA Y TECNOLOGÍA",INGENIERÍA EN REALIDAD VIRTUAL Y DISEÑO DE JUEGOS DIGITALES,MRC26,IDU35101,IDENTIDAD UNIVERSITARIA I,1,1,36,3,0
"INGENIERÍA, CIENCIA Y TECNOLOGÍA",INGENIERÍA EN REALIDAD VIRTUAL Y DISEÑO DE JUEGOS DIGITALES,MRC26,LEN35101,LENGUA EXTRANJERA I,1,1,54,4,0
"INGENIERÍA, CIENCIA Y TECNOLOGÍA",INGENIERÍA EN REALIDAD VIRTUAL Y DISEÑO DE JUEGOS DIGITALES,MRC26,GEA35102,GEOMETRÍA  ANALÍTICA,1,2,54,5,0
"INGENIERÍA, CIENCIA Y TECNOLOGÍA",INGENIERÍA EN REALIDAD VIRTUAL Y DISEÑO DE JUEGOS DIGITALES,MRC26,CAL3502,CÁLCULO,1,2,72,6,0
"INGENIERÍA, CIENCIA Y TECNOLOGÍA",INGENIERÍA EN REALIDAD VIRTUAL Y DISEÑO DE JUEGOS DIGITALES,MRC26,POM35102,POO MULTIMEDIA,1,2,54,6,0
"INGENIERÍA, CIENCIA Y TECNOLOGÍA",INGENIERÍA EN REALIDAD VIRTUAL Y DISEÑO DE JUEGOS DIGITALES,MRC26,PRO35102,PRODUCCIÓN 2D,1,2,54,6,0
"INGENIERÍA, CIENCIA Y TECNOLOGÍA",INGENIERÍA EN REALIDAD VIRTUAL Y DISEÑO DE JUEGOS DIGITALES,MRC26,IDU35102,IDENTIDAD UNIVERSITARIA II,1,2,36,3,0
"INGENIERÍA, CIENCIA Y TECNOLOGÍA",INGENIERÍA EN REALIDAD VIRTUAL Y DISEÑO DE JUEGOS DIGITALES,MRC26,LEN35102,LENGUA EXTRANJERA II,1,2,54,4,0
"INGENIERÍA, CIENCIA Y TECNOLOGÍA",INGENIERÍA EN REALIDAD VIRTUAL Y DISEÑO DE JUEGOS DIGITALES,MRC26,EST35103,ESTADÍSTICA,2,3,72,6,0
"INGENIERÍA, CIENCIA Y TECNOLOGÍA",INGENIERÍA EN REALIDAD VIRTUAL Y DISEÑO DE JUEGOS DIGITALES,MRC26,MPS35103,MECÁNICA PARA SIMULACIÓN,2,3,72,6,0
"INGENIERÍA, CIENCIA Y TECNOLOGÍA",INGENIERÍA EN REALIDAD VIRTUAL Y DISEÑO DE JUEGOS DIGITALES,MRC26,ESD35103,ESTRUCTURA DE DATOS,2,3,72,5,0
"INGENIERÍA, CIENCIA Y TECNOLOGÍA",INGENIERÍA EN REALIDAD VIRTUAL Y DISEÑO DE JUEGOS DIGITALES,MRC26,FVJ35103,FUNDAMENTOS DE VIDEOJUEGOS,2,3,54,6,0
"INGENIERÍA, CIENCIA Y TECNOLOGÍA",INGENIERÍA EN REALIDAD VIRTUAL Y DISEÑO DE JUEGOS DIGITALES,MRC26,FED35103,FORMACIÓN ÉTICA PARA EL DESARROLLO SOSTENIBLE,2,3,36,3,0
"INGENIERÍA, CIENCIA Y TECNOLOGÍA",INGENIERÍA EN REALIDAD VIRTUAL Y DISEÑO DE JUEGOS DIGITALES,MRC26,LEN35103,LENGUA EXTRANJERA III,2,3,54,4,0
"INGENIERÍA, CIENCIA Y TECNOLOGÍA",INGENIERÍA EN REALIDAD VIRTUAL Y DISEÑO DE JUEGOS DIGITALES,MRC26,ECO35104,ECONOMÍA,2,4,72,4,0
"INGENIERÍA, CIENCIA Y TECNOLOGÍA",INGENIERÍA EN REALIDAD VIRTUAL Y DISEÑO DE JUEGOS DIGITALES,MRC26,FVJ35104,FÍSICA PARA VIDEOJUEGOS,2,4,72,6,0
"INGENIERÍA, CIENCIA Y TECNOLOGÍA",INGENIERÍA EN REALIDAD VIRTUAL Y DISEÑO DE JUEGOS DIGITALES,MRC26,PAV35104,PROGRAMACIÓN AVANZADA,2,4,72,7,0
"INGENIERÍA, CIENCIA Y TECNOLOGÍA",INGENIERÍA EN REALIDAD VIRTUAL Y DISEÑO DE JUEGOS DIGITALES,MRC26,H3D35104,HERRAMIENTAS 3D,2,4,54,6,0
"INGENIERÍA, CIENCIA Y TECNOLOGÍA",INGENIERÍA EN REALIDAD VIRTUAL Y DISEÑO DE JUEGOS DIGITALES,MRC26,RSU35104,RESPONSABILIDAD SOCIAL UNIVERSITARIA,2,4,36,3,0
"INGENIERÍA, CIENCIA Y TECNOLOGÍA",INGENIERÍA EN REALIDAD VIRTUAL Y DISEÑO DE JUEGOS DIGITALES,MRC26,LEN35104,LENGUA EXTRANJERA IV,2,4,54,4,0
"INGENIERÍA, CIENCIA Y TECNOLOGÍA",INGENIERÍA EN REALIDAD VIRTUAL Y DISEÑO DE JUEGOS DIGITALES,MRC26,CCO35105,CONTABILIDAD Y COSTOS,3,5,54,4,0
"INGENIERÍA, CIENCIA Y TECNOLOGÍA",INGENIERÍA EN REALIDAD VIRTUAL Y DISEÑO DE JUEGOS DIGITALES,MRC26,MAD35105,MODELOS DE ADMINISTRACIÓN DE DATOS,3,5,54,4,0
"INGENIERÍA, CIENCIA Y TECNOLOGÍA",INGENIERÍA EN REALIDAD VIRTUAL Y DISEÑO DE JUEGOS DIGITALES,MRC26,IAV35105,INTELIGENCIA ARTIFICIAL PARA VIDEOJUEGOS,3,5,72,6,0
"INGENIERÍA, CIENCIA Y TECNOLOGÍA",INGENIERÍA EN REALIDAD VIRTUAL Y DISEÑO DE JUEGOS DIGITALES,MRC26,MOR35105,MODELADO ORGÁNICO,3,5,54,4,0
"INGENIERÍA, CIENCIA Y TECNOLOGÍA",INGENIERÍA EN REALIDAD VIRTUAL Y DISEÑO DE JUEGOS DIGITALES,MRC26,ANI35105,ANIMACIÓN,3,5,54,5,0
"INGENIERÍA, CIENCIA Y TECNOLOGÍA",INGENIERÍA EN REALIDAD VIRTUAL Y DISEÑO DE JUEGOS DIGITALES,MRC26,EVJ35105,ESCENARIO DE VIDEOJUEGOS,3,5,54,5,0
"INGENIERÍA, CIENCIA Y TECNOLOGÍA",INGENIERÍA EN REALIDAD VIRTUAL Y DISEÑO DE JUEGOS DIGITALES,MRC26,EFG35105,ELECTIVO DE FORMACIÓN GENERAL I,3,5,36,2,0
"INGENIERÍA, CIENCIA Y TECNOLOGÍA",INGENIERÍA EN REALIDAD VIRTUAL Y DISEÑO DE JUEGOS DIGITALES,MRC26,LDA35106,LÓGICA DIGITAL Y HÁPTICOS,3,6,54,5,0
"INGENIERÍA, CIENCIA Y TECNOLOGÍA",INGENIERÍA EN REALIDAD VIRTUAL Y DISEÑO DE JUEGOS DIGITALES,MRC26,DEW35106,DESARROLLO WEB,3,6,54,6,0
"INGENIERÍA, CIENCIA Y TECNOLOGÍA",INGENIERÍA EN REALIDAD VIRTUAL Y DISEÑO DE JUEGOS DIGITALES,MRC26,NTD35106,NUEVAS TECNOLOGÍAS DE DESARROLO 3D,3,6,54,6,0
"INGENIERÍA, CIENCIA Y TECNOLOGÍA",INGENIERÍA EN REALIDAD VIRTUAL Y DISEÑO DE JUEGOS DIGITALES,MRC26,AAV35106,ANIMACIÓN AVANZADA,3,6,54,6,0
"INGENIERÍA, CIENCIA Y TECNOLOGÍA",INGENIERÍA EN REALIDAD VIRTUAL Y DISEÑO DE JUEGOS DIGITALES,MRC26,OVJ35106,OPTIMIZACIÓN DE VIDEOJUEGOS,3,6,54,5,0
"INGENIERÍA, CIENCIA Y TECNOLOGÍA",INGENIERÍA EN REALIDAD VIRTUAL Y DISEÑO DE JUEGOS DIGITALES,MRC26,EFG35106,ELECTIVO DE FORMACIÓN GENERAL II,3,6,36,2,0
"INGENIERÍA, CIENCIA Y TECNOLOGÍA",INGENIERÍA EN REALIDAD VIRTUAL Y DISEÑO DE JUEGOS DIGITALES,MRC26,ITA35107,"INNOVACIÓN, TECNOLOGÍA Y ANALÍTICA DE DATOS",4,7,54,4,0
"INGENIERÍA, CIENCIA Y TECNOLOGÍA",INGENIERÍA EN REALIDAD VIRTUAL Y DISEÑO DE JUEGOS DIGITALES,MRC26,DVL35107,DISEÑO DE VIDEOJUEGOS EN LÍNEA,4,7,54,6,0
"INGENIERÍA, CIENCIA Y TECNOLOGÍA",INGENIERÍA EN REALIDAD VIRTUAL Y DISEÑO DE JUEGOS DIGITALES,MRC26,EVU35107,INTERFACES Y EXPERIENCIA DE USUARIO,4,7,54,5,0
"INGENIERÍA, CIENCIA Y TECNOLOGÍA",INGENIERÍA EN REALIDAD VIRTUAL Y DISEÑO DE JUEGOS DIGITALES,MRC26,EES35107,EFECTOS ESPECIALES,4,7,54,5,0
"INGENIERÍA, CIENCIA Y TECNOLOGÍA",INGENIERÍA EN REALIDAD VIRTUAL Y DISEÑO DE JUEGOS DIGITALES,MRC26,VJM35107,VIDEOJUEGOS MOBILE,4,7,54,5,0
"INGENIERÍA, CIENCIA Y TECNOLOGÍA",INGENIERÍA EN REALIDAD VIRTUAL Y DISEÑO DE JUEGOS DIGITALES,MRC26,PPM35107,PREPARACIÓN DE PROYECTOS Y METODOLOGÍA,4,7,54,5,0
"INGENIERÍA, CIENCIA Y TECNOLOGÍA",INGENIERÍA EN REALIDAD VIRTUAL Y DISEÑO DE JUEGOS DIGITALES,MRC26,RVI35108,REALIDAD VIRTUAL,4,8,72,6,0
"INGENIERÍA, CIENCIA Y TECNOLOGÍA",INGENIERÍA EN REALIDAD VIRTUAL Y DISEÑO DE JUEGOS DIGITALES,MRC26,AGT35108,ADMINISTRACIÓN Y GESTIÓN DEL TALENTO HUMANO,4,8,54,6,0
"INGENIERÍA, CIENCIA Y TECNOLOGÍA",INGENIERÍA EN REALIDAD VIRTUAL Y DISEÑO DE JUEGOS DIGITALES,MRC26,NTA35108,NUEVAS TECNOLOGÍAS APLICADAS,4,8,72,6,0
"INGENIERÍA, CIENCIA Y TECNOLOGÍA",INGENIERÍA EN REALIDAD VIRTUAL Y DISEÑO DE JUEGOS DIGITALES,MRC26,MKD35108,MARKETING DIGITAL,4,8,54,6,0
"INGENIERÍA, CIENCIA Y TECNOLOGÍA",INGENIERÍA EN REALIDAD VIRTUAL Y DISEÑO DE JUEGOS DIGITALES,MRC26,IIA35108,I+D PARA INTELIGENCIA  ARTIFICIAL,4,8,54,6,0
"INGENIERÍA, CIENCIA Y TECNOLOGÍA",INGENIERÍA EN REALIDAD VIRTUAL Y DISEÑO DE JUEGOS DIGITALES,MRC26,ACT35109,ACTIVIDAD DE TITULACIÓN,5,9,144,7,0
"INGENIERÍA, CIENCIA Y TECNOLOGÍA",INGENIERÍA EN REALIDAD VIRTUAL Y DISEÑO DE JUEGOS DIGITALES,MRC26,OPC35109,OPTATIVO DE CERTIFICACIÓN,5,9,54,3,0
"INGENIERÍA, CIENCIA Y TECNOLOGÍA",INGENIERÍA EN REALIDAD VIRTUAL Y DISEÑO DE JUEGOS DIGITALES,MRC26,PPF35109,PRÁCTICA PROFESIONAL,5,9,342,20,0
"INGENIERÍA, CIENCIA Y TECNOLOGÍA",INGENIERÍA EN REALIDAD VIRTUAL Y DISEÑO DE JUEGOS DIGITALES,MRC26,LGJ0001,NIV0. LENGUAJE,1,1,20,,1
"INGENIERÍA, CIENCIA Y TECNOLOGÍA",INGENIERÍA EN REALIDAD VIRTUAL Y DISEÑO DE JUEGOS DIGITALES,MRC26,MAT0001,NIV0. MATEMÁTICAS,1,1,40,,1
"INGENIERÍA, CIENCIA Y TECNOLOGÍA",INGENIERÍA EN REALIDAD VIRTUAL Y DISEÑO DE JUEGOS DIGITALES,MRC26,TAU0001,NIV0. TALLER AUTOGESTIÓN,1,1,20,,1
"INGENIERÍA, CIENCIA Y TECNOLOGÍA",INGENIERÍA EN REALIDAD VIRTUAL Y DISEÑO DE JUEGOS DIGITALES,MRC26,TIP0001,NIV0. TALLER INTRODUCCIÓN A LA PROFESIÓN,1,1,20,,1
CIENCIAS DE LA SALUD,KINESIOLOGÍA,MRC26,FBG21201,FUNDAMENTOS DE BIOLOGÍA Y GENÉTICA HUMANA,1,1,54,4,0
CIENCIAS DE LA SALUD,KINESIOLOGÍA,MRC26,BQB21201,BASES QUÍMICAS Y BIOQUÍMICAS DE LA VIDA,1,1,54,4,0
CIENCIAS DE LA SALUD,KINESIOLOGÍA,MRC26,AAK21201,ANATOMÍA APLICADA A LA KINESIOLOGÍA,1,1,90,9,0
CIENCIAS DE LA SALUD,KINESIOLOGÍA,MRC26,INK21201,INTRODUCCIÓN A LA KINESIOLOGÍA,1,1,36,6,0
CIENCIAS DE LA SALUD,KINESIOLOGÍA,MRC26,IDU21201,IDENTIDAD UNIVERSITARIA I,1,1,36,3,0
CIENCIAS DE LA SALUD,KINESIOLOGÍA,MRC26,LEN21201,LENGUA EXTRANJERA I,1,1,54,4,0
CIENCIAS DE LA SALUD,KINESIOLOGÍA,MRC26,FFS21202,FISIOLOGÍA Y FISIOPATOLOGÍA DE SISTEMAS I,1,2,72,6,0
CIENCIAS DE LA SALUD,KINESIOLOGÍA,MRC26,AFP21202,ANATOMÍA FUNCIONAL Y PALPATORIA,1,2,90,7,0
CIENCIAS DE LA SALUD,KINESIOLOGÍA,MRC26,BIF21202,BIOFÍSICA,1,2,54,5,0
CIENCIAS DE LA SALUD,KINESIOLOGÍA,MRC26,KBE21202,KINESIOLOGÍA BASADA EN LA EVIDENCIA CIENTÍFICA,1,2,36,5,0
CIENCIAS DE LA SALUD,KINESIOLOGÍA,MRC26,IDU21202,IDENTIDAD UNIVERSITARIA II,1,2,36,3,0
CIENCIAS DE LA SALUD,KINESIOLOGÍA,MRC26,LEN20202,LENGUA EXTRANJERA II,1,2,54,4,0
CIENCIAS DE LA SALUD,KINESIOLOGÍA,MRC26,FFS21203,FISIOLOGÍA Y FISIOPATOLOGÍA DE SISTEMAS II,2,3,72,6,0
CIENCIAS DE LA SALUD,KINESIOLOGÍA,MRC26,FCF21203,FARMACOLOGÍA CLÍNICA FUNDAMENTAL,2,3,54,4,0
CIENCIAS DE LA SALUD,KINESIOLOGÍA,MRC26,WEF21203,NEUROFISIOLOGÍA,2,3,54,5,0
CIENCIAS DE LA SALUD,KINESIOLOGÍA,MRC26,MHF21203,MOVIMIENTO HUMANO FUNCIONAL,2,3,54,4,0
CIENCIAS DE LA SALUD,KINESIOLOGÍA,MRC26,SPC21203,SALUD PÚBLICA COMUNITARIA Y FAMILIAR,2,3,54,4,0
CIENCIAS DE LA SALUD,KINESIOLOGÍA,MRC26,FED21203,FORMACIÓN ÉTICA PARA EL DESARROLLO SOSTENIBLE,2,3,36,3,0
CIENCIAS DE LA SALUD,KINESIOLOGÍA,MRC26,LEN21203,LENGUA EXTRANJERA III,2,3,54,4,0
CIENCIAS DE LA SALUD,KINESIOLOGÍA,MRC26,FIE21204,FISIOLOGÍA DEL EJERCICIO,2,4,72,5,0
CIENCIAS DE LA SALUD,KINESIOLOGÍA,MRC26,MHD21204,MOVIMIENTO HUMANO DISFUNCIONAL,2,4,54,6,0
CIENCIAS DE LA SALUD,KINESIOLOGÍA,MRC26,LDG21204,LIDERAZGO Y GESTIÓN,2,4,36,4,0
CIENCIAS DE LA SALUD,KINESIOLOGÍA,MRC26,RSU21204,RESPONSABILIDAD SOCIAL UNIVERSITARIA,2,4,36,3,0
CIENCIAS DE LA SALUD,KINESIOLOGÍA,MRC26,EFG21204,ELECTIVO DE FORMACIÓN GENERAL I,2,4,36,2,0
CIENCIAS DE LA SALUD,KINESIOLOGÍA,MRC26,PIK21204,PRÁCTICA INTEGRADA EN KINESIOLOGÍA I,2,4,54,6,0
CIENCIAS DE LA SALUD,KINESIOLOGÍA,MRC26,LEN21204,LENGUA EXTRANJERA IV,2,4,54,4,0
CIENCIAS DE LA SALUD,KINESIOLOGÍA,MRC26,IMG21205,IMAGENOLOGÍA,3,5,72,6,0
CIENCIAS DE LA SALUD,KINESIOLOGÍA,MRC26,PCA21205,PATOLOGÍA CLÍNICA APLICADA EN EL CURSO DE LA VIDA,3,5,72,7,0
CIENCIAS DE LA SALUD,KINESIOLOGÍA,MRC26,PSB21205,PSICOLOGÍA DE SALUD Y BIENESTAR,3,5,36,5,0
CIENCIAS DE LA SALUD,KINESIOLOGÍA,MRC26,EIS21205,EMPRENDIMIENTO E INNOVACIÓN PARA LA SALUD SOSTENIBLE,3,5,36,4,0
CIENCIAS DE LA SALUD,KINESIOLOGÍA,MRC26,EFG21205,ELECTIVO DE FORMACIÓN GENERAL II,3,5,36,2,0
CIENCIAS DE LA SALUD,KINESIOLOGÍA,MRC26,PIK21205,PRÁCTICA INTEGRADA EN KINESIOLOGÍA II,3,5,54,6,0
CIENCIAS DE LA SALUD,KINESIOLOGÍA,MRC26,ENC21206,EVALUACIÓN NEUROKINÉSICA EN EL CURSO DE LA VIDA,3,6,72,6,0
CIENCIAS DE LA SALUD,KINESIOLOGÍA,MRC26,ECC21206,EVALUACIÓN CARDIORRESPIRATORIA EN EL CURSO DE LA VIDA,3,6,72,6,0
CIENCIAS DE LA SALUD,KINESIOLOGÍA,MRC26,EMC21206,EVALUACIÓN MUSCULOESQUELÉTICA EN EL CURSO DE LA VIDA,3,6,72,6,0
CIENCIAS DE LA SALUD,KINESIOLOGÍA,MRC26,MNG21206,MODELO DE NEGOCIOS,3,6,36,5,0
CIENCIAS DE LA SALUD,KINESIOLOGÍA,MRC26,MIN21206,METODOLOGÍA DE LA INVESTIGACIÓN,3,6,54,4,0
CIENCIAS DE LA SALUD,KINESIOLOGÍA,MRC26,PIK21206,PRÁCTICA INTEGRADA EN KINESIOLOGÍA III,3,6,54,3,0
CIENCIAS DE LA SALUD,KINESIOLOGÍA,MRC26,INC21207,INTERVENCIÓN NEUROKINÉSICA EN EL CURSO DE LA VIDA,4,7,72,5,0
CIENCIAS DE LA SALUD,KINESIOLOGÍA,MRC26,ICC21207,INTERVENCIÓN CARDIORRESPIRATORIA EN EL CURSO DE LA VIDA,4,7,72,5,0
CIENCIAS DE LA SALUD,KINESIOLOGÍA,MRC26,IMC21207,INTERVENCIÓN MUSCULOESQUELÉTICA EN EL CURSO DE LA VIDA,4,7,72,5,0
CIENCIAS DE LA SALUD,KINESIOLOGÍA,MRC26,IDK21207,INNOVACIÓN DIGITAL EN KINESIOLOGÍA,4,7,36,4,0
CIENCIAS DE LA SALUD,KINESIOLOGÍA,MRC26,AFN21207,AGENTES FÍSICOS Y NUEVAS TECNOLOGÍAS,4,7,72,6,0
CIENCIAS DE LA SALUD,KINESIOLOGÍA,MRC26,PIK21207,PRÁCTICA INTEGRADA EN KINESIOLOGÍA IV,4,7,72,5,0
CIENCIAS DE LA SALUD,KINESIOLOGÍA,MRC26,IPN21208,INTERVENCIÓN PROFESIONAL NEUROKINÉSICA,4,8,72,6,0
CIENCIAS DE LA SALUD,KINESIOLOGÍA,MRC26,IPC21208,INTERVENCIÓN PROFESIONAL CARDIORRESPIRATORIA,4,8,72,6,0
CIENCIAS DE LA SALUD,KINESIOLOGÍA,MRC26,IPM21208,INTERVENCIÓN PROFESIONAL  MUSCULOESQUELÉTICA,4,8,72,6,0
CIENCIAS DE LA SALUD,KINESIOLOGÍA,MRC26,OPK21208,OPTATIVO DE PROFUNDIZACIÓN EN KINESIOLOGÍA,4,8,36,3,0
CIENCIAS DE LA SALUD,KINESIOLOGÍA,MRC26,GEP21208,GESTIÓN Y EJECUCIÓN DE PROYECTOS DE INVESTIGACIÓN O EMPRENDIMIENTO,4,8,54,4,0
CIENCIAS DE LA SALUD,KINESIOLOGÍA,MRC26,PIK21208,PRÁCTICA INTEGRADA EN KINESIOLOGÍA V,4,8,72,5,0
CIENCIAS DE LA SALUD,KINESIOLOGÍA,MRC26,PP1K21209,PRÁCTICA PROFESIONAL EN KINESIOLOGÍA I,5,9,180,15,0
CIENCIAS DE LA SALUD,KINESIOLOGÍA,MRC26,PP2K21209,PRÁCTICA PROFESIONAL EN KINESIOLOGÍA II,5,9,198,15,0
CIENCIAS DE LA SALUD,KINESIOLOGÍA,MRC26,PP3K21210,PRÁCTICA PROFESIONAL EN KINESIOLOGÍA III,5,10,180,15,0
CIENCIAS DE LA SALUD,KINESIOLOGÍA,MRC26,PP4K21210,PRÁCTICA PROFESIONAL EN KINESIOLOGÍA IV,5,10,198,15,0
CIENCIAS DE LA SALUD,KINESIOLOGÍA,MRC26,CIE0001,NIV0. CIENCIAS,1,1,40,,1
CIENCIAS DE LA SALUD,KINESIOLOGÍA,MRC26,LGJ0001,NIV0. LENGUAJE,1,1,20,,1
CIENCIAS DE LA SALUD,KINESIOLOGÍA,MRC26,MAT0001,NIV0. MATEMÁTICAS,1,1,40,,1
CIENCIAS DE LA SALUD,KINESIOLOGÍA,MRC26,TAU0001,NIV0. TALLER AUTOGESTIÓN,1,1,20,,1
CIENCIAS HUMANAS,ENTRENADOR EN ACTIVIDAD FISICA Y DEPORTE,MRC26,BBE39501,BASES BIOLÓGICAS DEL ENTRENAMIENTO,1,1,72,4,0
CIENCIAS HUMANAS,ENTRENADOR EN ACTIVIDAD FISICA Y DEPORTE,MRC26,HDP39501,HISTORIA DEL DEPORTE,1,1,36,3,0
CIENCIAS HUMANAS,ENTRENADOR EN ACTIVIDAD FISICA Y DEPORTE,MRC26,AAD39501,ANATOMÍA APLICADA  A LA  ACTIVIDAD FÍSCA Y DEPORTIVA,1,1,72,5,0
CIENCIAS HUMANAS,ENTRENADOR EN ACTIVIDAD FISICA Y DEPORTE,MRC26,FMO39501,FUDAMENTOS DE LA MOTRICIDAD,1,1,54,6,0
CIENCIAS HUMANAS,ENTRENADOR EN ACTIVIDAD FISICA Y DEPORTE,MRC26,FDF39501,FORMACIÓN DEPORTIVA FÚTBOL,1,1,72,5,0
CIENCIAS HUMANAS,ENTRENADOR EN ACTIVIDAD FISICA Y DEPORTE,MRC26,IDU39501,IDENTIDAD UNIVERSITARIA I,1,1,36,3,0
CIENCIAS HUMANAS,ENTRENADOR EN ACTIVIDAD FISICA Y DEPORTE,MRC26,LEN39501,LENGUA EXTRANJERA I,1,1,54,4,0
CIENCIAS HUMANAS,ENTRENADOR EN ACTIVIDAD FISICA Y DEPORTE,MRC26,EED39502,ESTRATEGIAS DE ENSEÑANZA DEPORTIVA,1,2,72,6,0
CIENCIAS HUMANAS,ENTRENADOR EN ACTIVIDAD FISICA Y DEPORTE,MRC26,ENM39502,ENTRENAMIENTO Y MUSCULACIÓN,1,2,72,6,0
CIENCIAS HUMANAS,ENTRENADOR EN ACTIVIDAD FISICA Y DEPORTE,MRC26,GPD39502,GESTIÓN Y POLÍTICAS DEPORTIVAS,1,2,54,6,0
CIENCIAS HUMANAS,ENTRENADOR EN ACTIVIDAD FISICA Y DEPORTE,MRC26,FDA39502,FORMACIÓN DEPORTIVA ATLETISMO,1,2,72,5,0
CIENCIAS HUMANAS,ENTRENADOR EN ACTIVIDAD FISICA Y DEPORTE,MRC26,IDU39502,IDENTIDAD UNIVERSITARIA II,1,2,36,3,0
CIENCIAS HUMANAS,ENTRENADOR EN ACTIVIDAD FISICA Y DEPORTE,MRC26,LEN39502,LENGUA EXTRANJERA II,1,2,54,4,0
CIENCIAS HUMANAS,ENTRENADOR EN ACTIVIDAD FISICA Y DEPORTE,MRC26,ENF39503,ENTRENAMIENTOS FUNCIONALES,2,3,72,6,0
CIENCIAS HUMANAS,ENTRENADOR EN ACTIVIDAD FISICA Y DEPORTE,MRC26,LPA39503,LESIONES Y PRIMEROS AUXILIOS,2,3,72,6,0
CIENCIAS HUMANAS,ENTRENADOR EN ACTIVIDAD FISICA Y DEPORTE,MRC26,FBH39503,FORMACIÓN DEPORTIVA BÁSQUETBOL Y HÁNDBOL,2,3,72,5,0
CIENCIAS HUMANAS,ENTRENADOR EN ACTIVIDAD FISICA Y DEPORTE,MRC26,FSE39503,FISIOLOGÍA DEL EJERCICIO,2,3,72,6,0
CIENCIAS HUMANAS,ENTRENADOR EN ACTIVIDAD FISICA Y DEPORTE,MRC26,FED39503,FORMACIÓN ÉTICA PARA EL DESARROLLO SOSTENIBLE,2,3,36,3,0
CIENCIAS HUMANAS,ENTRENADOR EN ACTIVIDAD FISICA Y DEPORTE,MRC26,LEN39503,LENGUA EXTRANJERA III,2,3,54,4,0
CIENCIAS HUMANAS,ENTRENADOR EN ACTIVIDAD FISICA Y DEPORTE,MRC26,MED39504,METODOLOGÍA DE LA EVALUACIÓN DEPORTIVA,2,4,72,6,0
CIENCIAS HUMANAS,ENTRENADOR EN ACTIVIDAD FISICA Y DEPORTE,MRC26,ASD39504,ANTROPOMETRÍA Y SUPLEMENTACIÓN DEPORTIVA,2,4,72,5,0
CIENCIAS HUMANAS,ENTRENADOR EN ACTIVIDAD FISICA Y DEPORTE,MRC26,FDM39504,FORMACIÓN DEPORTIVA EN EL MEDIO ACUÁTICO,2,4,72,5,0
CIENCIAS HUMANAS,ENTRENADOR EN ACTIVIDAD FISICA Y DEPORTE,MRC26,RSU39504,RESPONSABILIDAD SOCIAL UNIVERSITARIA,2,4,36,3,0
CIENCIAS HUMANAS,ENTRENADOR EN ACTIVIDAD FISICA Y DEPORTE,MRC26,LEN39504,LENGUA EXTRANJERA IV,2,4,54,4,0
CIENCIAS HUMANAS,ENTRENADOR EN ACTIVIDAD FISICA Y DEPORTE,MRC26,PGF39504,PRÁCTICA EN GIMNASIOS Y FITNESS,2,4,81,7,0
CIENCIAS HUMANAS,ENTRENADOR EN ACTIVIDAD FISICA Y DEPORTE,MRC26,EDD39505,ÉTICA Y DERECHO DEPORTIVO,3,5,36,4,0
CIENCIAS HUMANAS,ENTRENADOR EN ACTIVIDAD FISICA Y DEPORTE,MRC26,PAD39505,PSICOLOGÍA DE LA ACTIVIDAD FÍSICA Y EL DEPORTE,3,5,72,4,0
CIENCIAS HUMANAS,ENTRENADOR EN ACTIVIDAD FISICA Y DEPORTE,MRC26,MPO39505,MODELOS DE PLANIFICACIÓN DEPORTIVA,3,5,72,5,0
CIENCIAS HUMANAS,ENTRENADOR EN ACTIVIDAD FISICA Y DEPORTE,MRC26,FBT39505,FORMACIÓN DEPORTIVA BOXEO Y TENIS DE MESA,3,5,36,5,0
CIENCIAS HUMANAS,ENTRENADOR EN ACTIVIDAD FISICA Y DEPORTE,MRC26,DEP39505,DISEÑO Y EVALUACIÓN DE PROYECTOS DEPORTIVOS,3,5,54,5,0
CIENCIAS HUMANAS,ENTRENADOR EN ACTIVIDAD FISICA Y DEPORTE,MRC26,PAF39505,PRÁCTICA EN ACTIVIDAD FÍSICA,3,5,81,7,0
CIENCIAS HUMANAS,ENTRENADOR EN ACTIVIDAD FISICA Y DEPORTE,MRC26,MIN39506,METODOLOGÍA DE LA INVESTIGACIÓN,3,6,54,5,0
CIENCIAS HUMANAS,ENTRENADOR EN ACTIVIDAD FISICA Y DEPORTE,MRC26,MED39506,MARKETING Y EVENTOS DEPORTIVOS,3,6,54,5,0
CIENCIAS HUMANAS,ENTRENADOR EN ACTIVIDAD FISICA Y DEPORTE,MRC26,FOS39506,FORMACIÓN DEPORTIVA OUTDOOR Y SOSTENIBILIDAD,3,6,72,5,0
CIENCIAS HUMANAS,ENTRENADOR EN ACTIVIDAD FISICA Y DEPORTE,MRC26,ITD39506,INTRODUCCIÓN A LA TECNOLOGÍA DEPORTIVA,3,6,54,5,0
CIENCIAS HUMANAS,ENTRENADOR EN ACTIVIDAD FISICA Y DEPORTE,MRC26,EFG39506,ELECTIVO DE FORMACIÓN GENERAL I,3,6,36,2,0
CIENCIAS HUMANAS,ENTRENADOR EN ACTIVIDAD FISICA Y DEPORTE,MRC26,PID39506,PRÁCTICA EN INICIACIÓN DEPORTIVA,3,6,108,8,0
CIENCIAS HUMANAS,ENTRENADOR EN ACTIVIDAD FISICA Y DEPORTE,MRC26,BAF39507,BIOESTADÍSTICA APLICADA A LA ACTIVIDAD FÍSICA Y DEPORTE,4,7,72,5,0
CIENCIAS HUMANAS,ENTRENADOR EN ACTIVIDAD FISICA Y DEPORTE,MRC26,IDA39507,INICIACIÓN AL DEPORTE ADAPTADO,4,7,54,5,0
CIENCIAS HUMANAS,ENTRENADOR EN ACTIVIDAD FISICA Y DEPORTE,MRC26,FDU39507,FORMACIÓN DEPORTIVA VOLEIBOL,4,7,72,5,0
CIENCIAS HUMANAS,ENTRENADOR EN ACTIVIDAD FISICA Y DEPORTE,MRC26,PAE39507,PRESCRIPCIÓN DE LA ACTIVIDAD FÍSICA Y EL EJERCICIO,4,7,72,4,0
CIENCIAS HUMANAS,ENTRENADOR EN ACTIVIDAD FISICA Y DEPORTE,MRC26,EFG39507,ELECTIVO DE FORMACIÓN GENERAL II,4,7,36,2,0
CIENCIAS HUMANAS,ENTRENADOR EN ACTIVIDAD FISICA Y DEPORTE,MRC26,PDC39507,PRÁCTICA EN DEPORTE COMPETITIVO,4,7,136,9,0
CIENCIAS HUMANAS,ENTRENADOR EN ACTIVIDAD FISICA Y DEPORTE,MRC26,TFG39508,TRABAJO FINAL DE GRADO,4,8,72,10,0
CIENCIAS HUMANAS,ENTRENADOR EN ACTIVIDAD FISICA Y DEPORTE,MRC26,RTA39508,RESCURSOS TECNOLÓGICOS APLICADOS AL DEPORTE,4,8,54,8,0
CIENCIAS HUMANAS,ENTRENADOR EN ACTIVIDAD FISICA Y DEPORTE,MRC26,PPF39508,PRÁCTICA PROFESIONAL,4,8,234,12,0
CIENCIAS HUMANAS,ENTRENADOR EN ACTIVIDAD FISICA Y DEPORTE,MRC26,LGJ0001,NIV0. LENGUAJE,1,1,20,,1
CIENCIAS HUMANAS,ENTRENADOR EN ACTIVIDAD FISICA Y DEPORTE,MRC26,MAT0001,NIV0. MATEMÁTICAS,1,1,20,,1
CIENCIAS HUMANAS,ENTRENADOR EN ACTIVIDAD FISICA Y DEPORTE,MRC26,TAU0001,NIV0. TALLER AUTOGESTIÓN,1,1,20,,1
CIENCIAS HUMANAS,ENTRENADOR EN ACTIVIDAD FISICA Y DEPORTE,MRC26,TIP0001,NIV0. TALLER INTRODUCCIÓN A LA PROFESIÓN,1,1,10,,1
CIENCIAS HUMANAS,ENTRENADOR EN ACTIVIDAD FISICA Y DEPORTE,MRC26,CIE0001,NIV0. CIENCIAS,1,1,30,,1
CIENCIAS MÉDICAS,MEDICINA VETERINARIA,MRC26,BIC35301,BIOLOGÍA CELULAR,1,1,72,5,0
CIENCIAS MÉDICAS,MEDICINA VETERINARIA,MRC26,MAT35301,MATEMÁTICAS,1,1,72,6,0
CIENCIAS MÉDICAS,MEDICINA VETERINARIA,MRC26,MMM35301,MORFOLOGÍA MICRO Y MACROSCÓPICA I,1,1,108,8,0
CIENCIAS MÉDICAS,MEDICINA VETERINARIA,MRC26,IMU35301,INTRODUCCIÓN A LA MEDICINA VETERINARIA,1,1,36,4,0
CIENCIAS MÉDICAS,MEDICINA VETERINARIA,MRC26,IDU35301,IDENTIDAD UNIVERSITARIA I,1,1,36,3,0
CIENCIAS MÉDICAS,MEDICINA VETERINARIA,MRC26,LEN35301,LENGUA EXTRANJERA I,1,1,54,4,0
CIENCIAS MÉDICAS,MEDICINA VETERINARIA,MRC26,QBV35302,QUÍMICA Y BIOQUÍMICA PARA LA VIDA,1,2,54,4,0
CIENCIAS MÉDICAS,MEDICINA VETERINARIA,MRC26,MMM35302,MORFOLOGÍA MICRO Y MACROSCÓPICA II,1,2,108,8,0
CIENCIAS MÉDICAS,MEDICINA VETERINARIA,MRC26,BIE35302,BIOESTADÍSTICA,1,2,36,5,0
CIENCIAS MÉDICAS,MEDICINA VETERINARIA,MRC26,ZOO35302,ZOOLOGÍA,1,2,54,6,0
CIENCIAS MÉDICAS,MEDICINA VETERINARIA,MRC26,IDU35302,IDENTIDAD UNIVERSITARIA II,1,2,36,3,0
CIENCIAS MÉDICAS,MEDICINA VETERINARIA,MRC26,LEN35302,LENGUA EXTRANJERA II,1,2,54,4,0
CIENCIAS MÉDICAS,MEDICINA VETERINARIA,MRC26,AGE35303,AGENTES BIOLÓGICOS DE ENFERMEDAD,2,3,54,4,0
CIENCIAS MÉDICAS,MEDICINA VETERINARIA,MRC26,FFV35303,FISIOLOGÍA Y FISIOPATOLOGÍA VETERINARIA I,2,3,90,6,0
CIENCIAS MÉDICAS,MEDICINA VETERINARIA,MRC26,ECO35303,ECOLOGÍA,2,3,54,5,0
CIENCIAS MÉDICAS,MEDICINA VETERINARIA,MRC26,GEA35303,GENÉTICA  ANIMAL,2,3,54,4,0
CIENCIAS MÉDICAS,MEDICINA VETERINARIA,MRC26,EBA35303,ETOLOGÍA BIENESTAR ANIMAL,2,3,36,5,0
CIENCIAS MÉDICAS,MEDICINA VETERINARIA,MRC26,FED35303,FORMACIÓN ÉTICA PARA EL DESARROLLO SOSTENIBLE,2,3,36,3,0
CIENCIAS MÉDICAS,MEDICINA VETERINARIA,MRC26,LEN5303,LENGUA EXTRANJERA III,2,3,54,4,0
CIENCIAS MÉDICAS,MEDICINA VETERINARIA,MRC26,ING35304,INMUNOLOGÍA GENERAL,2,4,54,4,0
CIENCIAS MÉDICAS,MEDICINA VETERINARIA,MRC26,FFV35304,FISIOLOGÍA Y FISIOPATOLOGÍA VETERINARIA II,2,4,90,6,0
CIENCIAS MÉDICAS,MEDICINA VETERINARIA,MRC26,EIP35304,ENFERMEDADES INFECCIOSAS Y PARASITARIAS,2,4,72,6,0
CIENCIAS MÉDICAS,MEDICINA VETERINARIA,MRC26,RSU35304,RESPONSABILIDAD SOCIAL UNIVERSITARIA,2,4,36,3,0
CIENCIAS MÉDICAS,MEDICINA VETERINARIA,MRC26,EFG35304,ELECTIVO DE FORMACIÓN GENERAL I,2,4,36,2,0
CIENCIAS MÉDICAS,MEDICINA VETERINARIA,MRC26,LEN35304,LENGUA EXTRANJERA IV,2,4,54,4,0
CIENCIAS MÉDICAS,MEDICINA VETERINARIA,MRC26,PMV35304,PRÁCTICA INTEGRADA EN MEDICINA VETERINARIA I,2,4,36,4,0
CIENCIAS MÉDICAS,MEDICINA VETERINARIA,MRC26,PTV35305,PATOLOGÍA VETERINARIA,3,5,72,5,0
CIENCIAS MÉDICAS,MEDICINA VETERINARIA,MRC26,EPI35305,EPIDEMIOLOGÍA,3,5,54,4,0
CIENCIAS MÉDICAS,MEDICINA VETERINARIA,MRC26,SEM35305,SEMIOLOGÍA,3,5,72,6,0
CIENCIAS MÉDICAS,MEDICINA VETERINARIA,MRC26,NAA35305,NUTRICIÓN Y ALIMENTACIÓN ANIMAL,3,5,72,6,0
CIENCIAS MÉDICAS,MEDICINA VETERINARIA,MRC26,CMF35305,CONSERVACIÓN Y MANEJO DE FAUNA SILVESTRE,3,5,54,4,0
CIENCIAS MÉDICAS,MEDICINA VETERINARIA,MRC26,PMV35305,PRÁCTICA INTEGRADA EN MEDICINA VETERINARIA II,3,5,72,5,0
CIENCIAS MÉDICAS,MEDICINA VETERINARIA,MRC26,FAV35306,FARMACOLOGÍA VETERINARIA,3,6,54,4,0
CIENCIAS MÉDICAS,MEDICINA VETERINARIA,MRC26,SPV35306,SALUD PÚBLICA VETERINARIA,3,6,54,4,0
CIENCIAS MÉDICAS,MEDICINA VETERINARIA,MRC26,PAS35306,PRODUCCIÓN ANIMAL SOSTENIBLE,3,6,72,6,0
CIENCIAS MÉDICAS,MEDICINA VETERINARIA,MRC26,LEI35306,LEGISLACIÓN Y EVALUACIÓN DE IMPACTO AMBIENTAL,3,6,36,3,0
CIENCIAS MÉDICAS,MEDICINA VETERINARIA,MRC26,ROA35306,REPRODUCCIÓN Y OBSTETRICIA ANIMAL,3,6,72,6,0
CIENCIAS MÉDICAS,MEDICINA VETERINARIA,MRC26,DER35306,DESARROLLO RURAL,3,6,36,3,0
CIENCIAS MÉDICAS,MEDICINA VETERINARIA,MRC26,PMV35306,PRÁCTICA INTEGRADA EN MEDICINA VETERINARIA III,3,6,54,4,0
CIENCIAS MÉDICAS,MEDICINA VETERINARIA,MRC26,HBC35307,HEMATOLOGÍA Y BIOQUÍMICA CLÍNICA,4,7,54,4,0
CIENCIAS MÉDICAS,MEDICINA VETERINARIA,MRC26,IDG35307,IMAGENOLOGÍA DIAGNÓSTICA,4,7,72,5,0
CIENCIAS MÉDICAS,MEDICINA VETERINARIA,MRC26,ICV35307,INSPECCIÓN Y CONTROL DE CALIDAD VETERINARIA EN ALIMENTOS,4,7,54,4,0
CIENCIAS MÉDICAS,MEDICINA VETERINARIA,MRC26,PRU35307,PRODUCCIÓN DE RUMIANTES,4,7,72,6,0
CIENCIAS MÉDICAS,MEDICINA VETERINARIA,MRC26,PPA35307,PRODUCCIÓN Y PATOLOGÍA  AVIAR,4,7,54,5,0
CIENCIAS MÉDICAS,MEDICINA VETERINARIA,MRC26,EFG35307,ELECTIVO DE FORMACIÓN GENERAL II,4,7,36,2,0
CIENCIAS MÉDICAS,MEDICINA VETERINARIA,MRC26,PMV35307,PRÁCTICA INTEGRADA EN MEDICINA VETERINARIA IV,4,7,54,5,0
CIENCIAS MÉDICAS,MEDICINA VETERINARIA,MRC26,MAC35308,MEDICINA INTERNA ANIMALES DE COMPAÑÍA,4,8,72,6,0
CIENCIAS MÉDICAS,MEDICINA VETERINARIA,MRC26,MAM35308,MEDICINA INTERNA ANIMALES MAYORES,4,8,72,6,0
CIENCIAS MÉDICAS,MEDICINA VETERINARIA,MRC26,APP35308,ACUICULTURA Y PATOLOGÍA DE PECES,4,8,36,3,0
CIENCIAS MÉDICAS,MEDICINA VETERINARIA,MRC26,CUE35308,CIRUGÍA VETERINARIA,4,8,108,6,0
CIENCIAS MÉDICAS,MEDICINA VETERINARIA,MRC26,IGP35308,INVESTIGACIÓN Y GESTIÓN DE PROYECTOS,4,8,36,5,0
CIENCIAS MÉDICAS,MEDICINA VETERINARIA,MRC26,PMV35308,PRÁCTICA INTEGRADA EN MEDICINA VETERINARIA V,4,8,90,5,0
CIENCIAS MÉDICAS,MEDICINA VETERINARIA,MRC26,ISP35309,INTERNADO DE SALUD PÚBLICA,5,9,72,7,0
CIENCIAS MÉDICAS,MEDICINA VETERINARIA,MRC26,ICL35309,INTERNADO CLÍNICO,5,9,216,16,0
CIENCIAS MÉDICAS,MEDICINA VETERINARIA,MRC26,TTI35309,TRABAJO DE TITULACIÓN I,5,9,36,4,0
CIENCIAS MÉDICAS,MEDICINA VETERINARIA,MRC26,GAD35309,GESTIÓN Y ADMINISTRACIÓN,5,9,36,4,0
CIENCIAS MÉDICAS,MEDICINA VETERINARIA,MRC26,ICB35310,INTERNADO DE CONSERVACIÓN Y BIODIVERSIDAD,5,10,108,8,0
CIENCIAS MÉDICAS,MEDICINA VETERINARIA,MRC26,IPA35310,INTERNADO PRODUCIÓN ANIMAL,5,10,108,9,0
CIENCIAS MÉDICAS,MEDICINA VETERINARIA,MRC26,TTI35310,TRABAJO DE TITULACIÓN II,5,10,36,6,0
CIENCIAS MÉDICAS,MEDICINA VETERINARIA,MRC26,OPP35310,OPTATIVO DE PROFUNDIZACIÓN,5,10,36,6,0
CIENCIAS MÉDICAS,MEDICINA VETERINARIA,MRC26,CIE0001,NIV0. CIENCIAS,1,1,40,,1
CIENCIAS MÉDICAS,MEDICINA VETERINARIA,MRC26,LGJ0001,NIV0. LENGUAJE,1,1,20,,1
CIENCIAS MÉDICAS,MEDICINA VETERINARIA,MRC26,MAT0001,NIV0. MATEMÁTICAS,1,1,40,,1
CIENCIAS MÉDICAS,MEDICINA VETERINARIA,MRC26,TAU0001,NIV0. TALLER AUTOGESTIÓN,1,1,20,,1
CIENCIAS DE LA SALUD,NUTRICIÓN Y DIETÉTICA,MRC26,FBG21601,FUNDAMENTOS DE BIOLOGÍA Y GENÉTICA HUMANA,1,1,54,4,0
CIENCIAS DE LA SALUD,NUTRICIÓN Y DIETÉTICA,MRC26,BQB21601,BASES QUÍMICAS Y BIOQUÍMICAS DE LA VIDA,1,1,54,4,0
CIENCIAS DE LA SALUD,NUTRICIÓN Y DIETÉTICA,MRC26,INS21601,INTRODUCCIÓN A LA NUTRICIÓN Y SOBERANÍA ALIMENTARIA,1,1,36,3,0
CIENCIAS DE LA SALUD,NUTRICIÓN Y DIETÉTICA,MRC26,CAL21601,CIENCIA DE LOS ALIMENTOS,1,1,72,6,0
CIENCIAS DE LA SALUD,NUTRICIÓN Y DIETÉTICA,MRC26,MIN21601,MATEMÁTICAS E INFORMÁTICA  APLICADA  A LA NUTRICIÓN,1,1,54,6,0
CIENCIAS DE LA SALUD,NUTRICIÓN Y DIETÉTICA,MRC26,IDU21601,IDENTIDAD UNIVERSITARIA I,1,1,36,3,0
CIENCIAS DE LA SALUD,NUTRICIÓN Y DIETÉTICA,MRC26,LEN21601,LENGUA EXTRANJERA I,1,1,54,4,0
CIENCIAS DE LA SALUD,NUTRICIÓN Y DIETÉTICA,MRC26,MMM21602,MORFOLOGÍA MICRO Y MACROSCÓPICA,1,2,72,6,0
CIENCIAS DE LA SALUD,NUTRICIÓN Y DIETÉTICA,MRC26,MAI21602,MICROBIOLOGÍA Y AGENTES INFECCIOSOS,1,2,54,4,0
CIENCIAS DE LA SALUD,NUTRICIÓN Y DIETÉTICA,MRC26,BNT21602,BASES DE LA NUTRICIÓN,1,2,72,7,0
CIENCIAS DE LA SALUD,NUTRICIÓN Y DIETÉTICA,MRC26,PAT21602,PLANIFICACIÓN ALIMENTARIA Y TÉCNICAS DIETÉTICAS,1,2,72,6,0
CIENCIAS DE LA SALUD,NUTRICIÓN Y DIETÉTICA,MRC26,IDU21602,IDENTIDAD UNIVERSITARIA II,1,2,36,3,0
CIENCIAS DE LA SALUD,NUTRICIÓN Y DIETÉTICA,MRC26,LEN21602,LENGUA EXTRANJERA II,1,2,54,4,0
CIENCIAS DE LA SALUD,NUTRICIÓN Y DIETÉTICA,MRC26,FFS21603,FISIOLOGÍA Y FISIOPATOLOGÍA DE SISTEMAS I,2,3,72,6,0
CIENCIAS DE LA SALUD,NUTRICIÓN Y DIETÉTICA,MRC26,BNA21603,BIOQUÍMICA NUTRICIONAL APLICADA,2,3,36,6,0
CIENCIAS DE LA SALUD,NUTRICIÓN Y DIETÉTICA,MRC26,BMN21603,BASES CELULARES Y MOLECULARES DE LA NUTRICIÓN,2,3,36,6,0
CIENCIAS DE LA SALUD,NUTRICIÓN Y DIETÉTICA,MRC26,SEE21603,SALUD PÚBLICA NUTRICIONAL: ENFOQUES EPIDEMIOLÓGICOS,2,3,54,6,0
CIENCIAS DE LA SALUD,NUTRICIÓN Y DIETÉTICA,MRC26,FED21603,FORMACIÓN ÉTICA PARA EL DESARROLLO SOSTENIBLE,2,3,36,3,0
CIENCIAS DE LA SALUD,NUTRICIÓN Y DIETÉTICA,MRC26,LEN21603,LENGUA EXTRANJERA III,2,3,54,4,0
CIENCIAS DE LA SALUD,NUTRICIÓN Y DIETÉTICA,MRC26,FFS21604,FISIOLOGÍA Y FISIOPATOLOGÍA DE SISTEMAS II,2,4,72,6,0
CIENCIAS DE LA SALUD,NUTRICIÓN Y DIETÉTICA,MRC26,ENA21604,EVALUACIÓN NUTRICIONAL DEL ADULTO Y ADULTO MAYOR,2,4,72,7,0
CIENCIAS DE LA SALUD,NUTRICIÓN Y DIETÉTICA,MRC26,PRA21604,PROCESOS ALIMENTARIOS,2,4,54,6,0
CIENCIAS DE LA SALUD,NUTRICIÓN Y DIETÉTICA,MRC26,RSU21604,RESPONSABILIDAD SOCIAL UNIVERSITARIA,2,4,36,3,0
CIENCIAS DE LA SALUD,NUTRICIÓN Y DIETÉTICA,MRC26,LEN21604,LENGUA EXTRANJERA IV,2,4,54,4,0
CIENCIAS DE LA SALUD,NUTRICIÓN Y DIETÉTICA,MRC26,PRI21604,PRÁCTICA INTEGRADA I,2,4,36,3,0
CIENCIAS DE LA SALUD,NUTRICIÓN Y DIETÉTICA,MRC26,DAA2105,DIETÉTICA DEL ADULTO Y ADULTO MAYOR,3,5,72,6,0
CIENCIAS DE LA SALUD,NUTRICIÓN Y DIETÉTICA,MRC26,ENI21605,EVALUACIÓN NUTRICIONAL INFANTO-JUVENIL,3,5,72,5,0
CIENCIAS DE LA SALUD,NUTRICIÓN Y DIETÉTICA,MRC26,ACP21605,ASEGURAMIENTO DE LA CALIDAD EN PRODUCCIÓN ALIMENTARIA,3,5,72,5,0
CIENCIAS DE LA SALUD,NUTRICIÓN Y DIETÉTICA,MRC26,TEA21605,TECNOLOGÍA ALIMENTARIA,3,5,54,4,0
CIENCIAS DE LA SALUD,NUTRICIÓN Y DIETÉTICA,MRC26,EEA21605,ESTRATEGIAS DE PROMOCIÓN Y EDUCACIÓN EN NUTRICIÓN Y ALIMENTACIÓN,3,5,72,5,0
CIENCIAS DE LA SALUD,NUTRICIÓN Y DIETÉTICA,MRC26,EFG21605,ELECTIVO DE FORMACIÓN GENERAL I,3,5,36,2,0
CIENCIAS DE LA SALUD,NUTRICIÓN Y DIETÉTICA,MRC26,PRI21605,PRÁCTICA INTEGRADA II,3,5,72,5,0
CIENCIAS DE LA SALUD,NUTRICIÓN Y DIETÉTICA,MRC26,DIJ21606,DIETÉTICA INFANTO-JUVENIL,3,6,72,5,0
CIENCIAS DE LA SALUD,NUTRICIÓN Y DIETÉTICA,MRC26,DAA21606,DIETOTERAPIA DEL ADULTO Y ADULTO MAYOR,3,6,108,6,0
CIENCIAS DE LA SALUD,NUTRICIÓN Y DIETÉTICA,MRC26,IIA21606,INNOVACIÓN EN LA INDUSTRIA DE ALIMENTOS,3,6,54,5,0
CIENCIAS DE LA SALUD,NUTRICIÓN Y DIETÉTICA,MRC26,EMM21606,EMPRENDIMIENTO Y MARKETING,3,6,36,3,0
CIENCIAS DE LA SALUD,NUTRICIÓN Y DIETÉTICA,MRC26,EFG21606,ELECTIVO DE FORMACIÓN GENERAL II,3,6,36,2,0
CIENCIAS DE LA SALUD,NUTRICIÓN Y DIETÉTICA,MRC26,PRI21606,PRÁCTICA INTEGRADA III,3,6,108,7,0
CIENCIAS DE LA SALUD,NUTRICIÓN Y DIETÉTICA,MRC26,FCF21607,FARMACOLOGÍA CLINICA FUNDAMENTAL,4,7,54,4,0
CIENCIAS DE LA SALUD,NUTRICIÓN Y DIETÉTICA,MRC26,DIJ21607,DIETOTERAPÍA INFANTO-JUVENIL,4,7,108,7,0
CIENCIAS DE LA SALUD,NUTRICIÓN Y DIETÉTICA,MRC26,NIC21607,NUTRICIÓN COMUNITARIA,4,7,72,6,0
CIENCIAS DE LA SALUD,NUTRICIÓN Y DIETÉTICA,MRC26,NBE21607,NUTRICIÓN BASADA EN EVIDENCIA CIENTÍFICA,4,7,36,3,0
CIENCIAS DE LA SALUD,NUTRICIÓN Y DIETÉTICA,MRC26,PEI21607,PROYECTO DE EMPRENDIMIENTO EN INNOVACIÓN ALIMENTARIA,4,7,54,6,0
CIENCIAS DE LA SALUD,NUTRICIÓN Y DIETÉTICA,MRC26,PRI21607,PRÁCTICA INTEGRADA IV,4,7,108,7,0
CIENCIAS DE LA SALUD,NUTRICIÓN Y DIETÉTICA,MRC26,NDP21608,NUTRICIÓN DEPORTIVA,4,8,54,5,0
CIENCIAS DE LA SALUD,NUTRICIÓN Y DIETÉTICA,MRC26,GSA21608,GESTIÓN EN SALUD,4,8,54,5,0
CIENCIAS DE LA SALUD,NUTRICIÓN Y DIETÉTICA,MRC26,ADN21608,ADMINISTRACIÓN EN NUTRICIÓN,4,8,72,6,0
CIENCIAS DE LA SALUD,NUTRICIÓN Y DIETÉTICA,MRC26,PAN21608,PARADIGMAS ACTUALES DE LA NUTRICIÓN,4,8,36,3,0
CIENCIAS DE LA SALUD,NUTRICIÓN Y DIETÉTICA,MRC26,PRI21608,PRÁCTICA INTEGRADA V,4,8,126,8,0
CIENCIAS DE LA SALUD,NUTRICIÓN Y DIETÉTICA,MRC26,OPF21609,OPTATIVO DE PROFUNDIZACIÓN,5,9,36,3,0
CIENCIAS DE LA SALUD,NUTRICIÓN Y DIETÉTICA,MRC26,PPA21609,PRÁCTICA PROFESIONAL EN ADMINISTRACIÓN DE SERVICIOS DE ALIMENTACIÓN,5,9,270,20,0
CIENCIAS DE LA SALUD,NUTRICIÓN Y DIETÉTICA,MRC26,PPC21610,PRÁCTICA PROFESIONAL EN NUTRICIÓN COMUNITARIA,5,10,270,20,0
CIENCIAS DE LA SALUD,NUTRICIÓN Y DIETÉTICA,MRC26,PPN21610,PRÁCTICA PROFESIONAL EN NUTRICIÓN CLINICA,5,10,270,17,0
CIENCIAS DE LA SALUD,NUTRICIÓN Y DIETÉTICA,MRC26,CIE0001,NIV0. CIENCIAS,1,1,40,,1
CIENCIAS DE LA SALUD,NUTRICIÓN Y DIETÉTICA,MRC26,LGJ0001,NIV0. LENGUAJE,1,1,20,,1
CIENCIAS DE LA SALUD,NUTRICIÓN Y DIETÉTICA,MRC26,MAT0001,NIV0. MATEMÁTICAS,1,1,40,,1
CIENCIAS DE LA SALUD,NUTRICIÓN Y DIETÉTICA,MRC26,TAU0001,NIV0. TALLER AUTOGESTIÓN,1,1,20,,1
CIENCIAS MÉDICAS,OBSTETRICIA Y PUERICULTURA,MRC26,FBG27101,FUNDAMENTOS DE BIOLOGÍA Y GENÉTICA HUMANA,1,1,54,4,0
CIENCIAS MÉDICAS,OBSTETRICIA Y PUERICULTURA,MRC26,BQB27101,BASES QUÍMICAS Y BIOQUÍMICAS DE LA VIDA,1,1,54,4,0
CIENCIAS MÉDICAS,OBSTETRICIA Y PUERICULTURA,MRC26,IMP27101,INTRODUCCIÓN A LA MATRONERÍA Y PROMOCIÓN EN SALUD,1,1,36,8,0
CIENCIAS MÉDICAS,OBSTETRICIA Y PUERICULTURA,MRC26,SPF27101,"SALUD PÚBLICA, FAMILIAR Y COMUNITARIA",1,1,54,7,0
CIENCIAS MÉDICAS,OBSTETRICIA Y PUERICULTURA,MRC26,IDU27101,IDENTIDAD UNIVERSITARIA I,1,1,36,3,0
CIENCIAS MÉDICAS,OBSTETRICIA Y PUERICULTURA,MRC26,LEN27101,LENGUA EXTRANJERA I,1,1,54,4,0
CIENCIAS MÉDICAS,OBSTETRICIA Y PUERICULTURA,MRC26,FFS27102,FISIOLOGÍA Y FISIOPATOLOGÍA DE SISTEMAS I,1,2,72,6,0
CIENCIAS MÉDICAS,OBSTETRICIA Y PUERICULTURA,MRC26,MMM27102,MORFOLOGÍA MICRO Y MACROSCÓPICA ,1,2,72,6,0
CIENCIAS MÉDICAS,OBSTETRICIA Y PUERICULTURA,MRC26,MAI27102,MICROBIOLOGÍA Y AGENTES INFECCIOSOS,1,2,54,4,0
CIENCIAS MÉDICAS,OBSTETRICIA Y PUERICULTURA,MRC26,ACS27102,ANTROPOLOGÍA Y CIENCIAS PSICOSOCIALES DE LA SALUD SEXUAL Y REPRODUCTIVA,1,2,54,3,0
CIENCIAS MÉDICAS,OBSTETRICIA Y PUERICULTURA,MRC26,FMP27102,FUNDAMENTOS DE MORFOLOGÍA PERINATAL,1,2,54,4,0
CIENCIAS MÉDICAS,OBSTETRICIA Y PUERICULTURA,MRC26,IDU27102,IDENTIDAD UNIVERSITARIA II,1,2,36,3,0
CIENCIAS MÉDICAS,OBSTETRICIA Y PUERICULTURA,MRC26,LEN27102,LENGUA EXTRANJERA II,1,2,54,4,0
CIENCIAS MÉDICAS,OBSTETRICIA Y PUERICULTURA,MRC26,FFS27103,FISIOLOGÍA Y FISIOPATOLOGÍA DE SISTEMAS II,2,3,72,6,0
CIENCIAS MÉDICAS,OBSTETRICIA Y PUERICULTURA,MRC26,SGA27103,SEMIOLOGÍA GENERAL APLICADA  A LA MATRONERÍA,2,3,54,6,0
CIENCIAS MÉDICAS,OBSTETRICIA Y PUERICULTURA,MRC26,MMQ27103,MATRONERÍA MÉDICO-QUIRÚRGICA,2,3,54,5,0
CIENCIAS MÉDICAS,OBSTETRICIA Y PUERICULTURA,MRC26,FED27103,FORMACIÓN ÉTICA PARA EL DESARROLLO SOSTENIBLE,2,3,36,3,0
CIENCIAS MÉDICAS,OBSTETRICIA Y PUERICULTURA,MRC26,LEN27103,LENGUA EXTRANJERA III,2,3,54,4,0
CIENCIAS MÉDICAS,OBSTETRICIA Y PUERICULTURA,MRC26,PIM27103,PRÁCTICA INTEGRADA EN MATRONERÍA I,2,3,54,6,0
CIENCIAS MÉDICAS,OBSTETRICIA Y PUERICULTURA,MRC26,FCF27104,FARMACOLOGÍA CLÍNICA Y FUNDAMENTAL,2,4,54,4,0
CIENCIAS MÉDICAS,OBSTETRICIA Y PUERICULTURA,MRC26,GPF27104,GINECOLOGÍA Y PLANIFICACIÓN FAMILIAR,2,4,54,5,0
CIENCIAS MÉDICAS,OBSTETRICIA Y PUERICULTURA,MRC26,OBS27104,OBSTETRICIA I,2,4,54,5,0
CIENCIAS MÉDICAS,OBSTETRICIA Y PUERICULTURA,MRC26,NEO27104,NEONATOLOGÍA I,2,4,54,4,0
CIENCIAS MÉDICAS,OBSTETRICIA Y PUERICULTURA,MRC26,RSU27104,RESPONSABILIDAD SOCIAL UNIVERSITARIA ,2,4,36,3,0
CIENCIAS MÉDICAS,OBSTETRICIA Y PUERICULTURA,MRC26,LEN27104,LENGUA EXTRANJERA IV,2,4,54,4,0
CIENCIAS MÉDICAS,OBSTETRICIA Y PUERICULTURA,MRC26,PIM27104,PRÁCTICA INTEGRADA EN MATRONERÍA II,2,4,54,5,0
CIENCIAS MÉDICAS,OBSTETRICIA Y PUERICULTURA,MRC26,GLP27105,"GESTIÓN CLÍNICA, LIDERAZGO Y POLÍTICAS PÚBLICAS",3,5,36,5,0
CIENCIAS MÉDICAS,OBSTETRICIA Y PUERICULTURA,MRC26,SEG27105,SEXUALIDAD HUMANA Y ENFOQUE DE GÉNERO,3,5,54,5,0
CIENCIAS MÉDICAS,OBSTETRICIA Y PUERICULTURA,MRC26,GIP27105,GINECOLOGÍA PATOLÓGICA,3,5,54,5,0
CIENCIAS MÉDICAS,OBSTETRICIA Y PUERICULTURA,MRC26,OBS27105,OBSTETRICIA II,3,5,54,5,0
CIENCIAS MÉDICAS,OBSTETRICIA Y PUERICULTURA,MRC26,NEO27105,NEONATOLOGÍA II,3,5,54,5,0
CIENCIAS MÉDICAS,OBSTETRICIA Y PUERICULTURA,MRC26,PIM27105,PRÁCTICA INTEGRADA EN MATRONERÍA III,3,5,54,5,0
CIENCIAS MÉDICAS,OBSTETRICIA Y PUERICULTURA,MRC26,MFB27106,MATEMÁTICA Y FUNDAMENTOS DE BIOESTADÍSTICA,3,6,54,5,0
CIENCIAS MÉDICAS,OBSTETRICIA Y PUERICULTURA,MRC26,CPO27106,"CLIMATERIO, PISO PÉLVICO Y ONCOLOGÍA",3,6,54,6,0
CIENCIAS MÉDICAS,OBSTETRICIA Y PUERICULTURA,MRC26,OBS27106,OBSTETRICIA III,3,6,54,5,0
CIENCIAS MÉDICAS,OBSTETRICIA Y PUERICULTURA,MRC26,NEO27106,NEONATOLOGÍA III,3,6,54,6,0
CIENCIAS MÉDICAS,OBSTETRICIA Y PUERICULTURA,MRC26,EFG27106,ELECTIVO DE FORMACIÓN GENERAL I,3,6,36,2,0
CIENCIAS MÉDICAS,OBSTETRICIA Y PUERICULTURA,MRC26,PIM27106,PRÁCTICA INTEGRADA EN MATRONERÍA IV,3,6,54,6,0
CIENCIAS MÉDICAS,OBSTETRICIA Y PUERICULTURA,MRC26,IGI27107,INTEGRADO EN GINEOBSTETRICIA,4,7,54,5,0
CIENCIAS MÉDICAS,OBSTETRICIA Y PUERICULTURA,MRC26,MIC27107,METODOLOGÍA DE LA INVESTIGACIÓN CIENTÍFICA,4,7,54,5,0
CIENCIAS MÉDICAS,OBSTETRICIA Y PUERICULTURA,MRC26,HAM27107,HUMANIZACIÓN DE LA  ATENCIÓN EN SALUD Y MULTICULTURALIDAD,4,7,36,4,0
CIENCIAS MÉDICAS,OBSTETRICIA Y PUERICULTURA,MRC26,IAM27107,IMAGENOLOGÍA  APLICADA EN MATRONERÍA,4,7,54,4,0
CIENCIAS MÉDICAS,OBSTETRICIA Y PUERICULTURA,MRC26,BAM27107,BIOÉTICA  APLICADA  A  LA MATRONERÍA,4,7,36,3,0
CIENCIAS MÉDICAS,OBSTETRICIA Y PUERICULTURA,MRC26,PIM27107,PRÁCTICA INTEGRADA EN MATRONERÍA V,4,7,174,9,0
CIENCIAS MÉDICAS,OBSTETRICIA Y PUERICULTURA,MRC26,IPS27108,INTEGRADO EN PERINATOLOGÍA Y SEXUALIDAD HUMANA,4,8,54,5,0
CIENCIAS MÉDICAS,OBSTETRICIA Y PUERICULTURA,MRC26,SGA27108,SEMINARIO DE GRADO ACADÉMICO,4,8,36,5,0
CIENCIAS MÉDICAS,OBSTETRICIA Y PUERICULTURA,MRC26,MRP27108,MEDICINA REPRODUCCIÓN,4,8,54,5,0
CIENCIAS MÉDICAS,OBSTETRICIA Y PUERICULTURA,MRC26,TEA27108,TECNOLOGÍA Y EMPRENDIMIENTO APLICADOS A LA MATRONERÍA,4,8,54,4,0
CIENCIAS MÉDICAS,OBSTETRICIA Y PUERICULTURA,MRC26,EFG27108,ELECTIVO DE FORMACIÓN GENERAL II,4,8,36,2,0
CIENCIAS MÉDICAS,OBSTETRICIA Y PUERICULTURA,MRC26,PIM27108,PRÁCTICA INTEGRADA EN MATRONERÍA VI,4,8,174,9,0
CIENCIAS MÉDICAS,OBSTETRICIA Y PUERICULTURA,MRC26,PPI27109,PRÁCTICA PROFESIONAL INTRAHOSPITALARIA I,5,9,250,17,0
CIENCIAS MÉDICAS,OBSTETRICIA Y PUERICULTURA,MRC26,PPC27109,PRÁCTICA PROFESIONAL COMUNITARIA I,5,9,120,7,0
CIENCIAS MÉDICAS,OBSTETRICIA Y PUERICULTURA,MRC26,APM27109,ATENCIÓN PRIMARIA Y MODELO DE SALUD FAMILIAR I,5,9,54,6,0
CIENCIAS MÉDICAS,OBSTETRICIA Y PUERICULTURA,MRC26,CNE27109,CUIDADOS NEONATALES I,5,9,54,6,0
CIENCIAS MÉDICAS,OBSTETRICIA Y PUERICULTURA,MRC26,PPI27110,PRÁCTICA PROFESIONAL INTRAHOSPITALARIA II,5,10,250,7,0
CIENCIAS MÉDICAS,OBSTETRICIA Y PUERICULTURA,MRC26,PPC27110,PRÁCTICA PROFESIONAL COMUNITARIA II,5,10,120,17,0
CIENCIAS MÉDICAS,OBSTETRICIA Y PUERICULTURA,MRC26,APM27110,ATENCIÓN PRIMARIA Y MODELO DE SALUD FAMILIAR II,5,10,54,6,0
CIENCIAS MÉDICAS,OBSTETRICIA Y PUERICULTURA,MRC26,CNE27110,CUIDADOS NEONATALES II,5,10,54,6,0
CIENCIAS MÉDICAS,OBSTETRICIA Y PUERICULTURA,MRC26,LGJ0001,NIV0. LENGUAJE,1,1,20,,1
CIENCIAS MÉDICAS,OBSTETRICIA Y PUERICULTURA,MRC26,MAT0001,NIV0. MATEMÁTICAS,1,1,40,,1
CIENCIAS MÉDICAS,OBSTETRICIA Y PUERICULTURA,MRC26,TAU0001,NIV0. TALLER AUTOGESTIÓN,1,1,20,,1
CIENCIAS MÉDICAS,OBSTETRICIA Y PUERICULTURA,MRC26,CIE0001,NIV0. CIENCIAS,1,1,40,,1
CIENCIAS HUMANAS,PERIODISMO,MRC26,SMT00409,SEMINARIO DE TÍTULO,5,9,90,5,0
CIENCIAS HUMANAS,PERIODISMO,MRC26,NHC00409,NUEVAS HERRAMIENTAS DE LA COMUNICACIÓN ESTRATEGICA,5,9,54,3,0
CIENCIAS HUMANAS,PERIODISMO,MRC26,MPM00409,MARKETING Y POSICIONAMIENTO DE MARCA,5,9,54,3,0
CIENCIAS HUMANAS,PERIODISMO,MRC26,NEP00409,NEGOCIOS DIGITALES Y EJECUCIÓN DE PROYECTOS COMUNICACIONALES,5,9,54,3,0
CIENCIAS HUMANAS,PERIODISMO,MRC26,PPF00409,PRÁCTICA PROFESIONAL,5,9,390,16,0
CIENCIAS HUMANAS,PERIODISMO,MRC26,EDE00401,EXPRESIÓN ORAL Y EMPODERAMIENTO,1,1,36,5,0
CIENCIAS HUMANAS,PERIODISMO,MRC26,RGN00401,REDACCIÓN GENERAL,1,1,90,8,0
CIENCIAS HUMANAS,PERIODISMO,MRC26,ALD00401,ALFABETIZACIÓN DIGITAL,1,1,54,5,0
CIENCIAS HUMANAS,PERIODISMO,MRC26,IDU00401,IDENTIDAD UNIVERSITARIA I,1,1,36,3,0
CIENCIAS HUMANAS,PERIODISMO,MRC26,ING00401,INGLÉS I,1,1,54,4,0
CIENCIAS HUMANAS,PERIODISMO,MRC26,HPM00401,HISTORIA DEL PERIODISMO Y MEDIOS DE COMUNICACIÓN,1,1,72,5,0
CIENCIAS HUMANAS,PERIODISMO,MRC26,ECC00402,EPISTEMOLOGÍA Y CIENCIAS DE LA COMUNICACIÓN,1,2,36,4,0
CIENCIAS HUMANAS,PERIODISMO,MRC26,RET00402,REDACCIÓN ETILÍSTICA,1,2,90,8,0
CIENCIAS HUMANAS,PERIODISMO,MRC26,CND00402,CIBERCULTURA Y NARRAVITAS DIGITALES,1,2,54,6,0
CIENCIAS HUMANAS,PERIODISMO,MRC26,IDU00402,IDENTIDAD UNIVERSITARIA II,1,2,36,3,0
CIENCIAS HUMANAS,PERIODISMO,MRC26,ING00402,INGLÉS II,1,2,54,4,0
CIENCIAS HUMANAS,PERIODISMO,MRC26,ACN00402,ANÁLISIS DE LA  ACTUALIDAD Y CONTRUCCIÓN DE NOTICIAS,1,2,72,5,0
CIENCIAS HUMANAS,PERIODISMO,MRC26,PAC00403,PENSAMIENTO CRÍTICO E HISTORIA CONTEMPORÁNEA,2,3,54,5,0
CIENCIAS HUMANAS,PERIODISMO,MRC26,SMC00403,SEMIÓTICA DE LA COMUNICACIÓN,2,3,54,6,0
CIENCIAS HUMANAS,PERIODISMO,MRC26,ELP00403,ÉTICA Y LEGISLACIÓN PERIODÍSTICA,2,3,54,6,0
CIENCIAS HUMANAS,PERIODISMO,MRC26,FED00403,FORMACIÓN ÉTICA PARA EL DESARROLLO SOSTENIBLE,2,3,36,3,0
CIENCIAS HUMANAS,PERIODISMO,MRC26,ING00403,INGLÉS III,2,3,54,4,0
CIENCIAS HUMANAS,PERIODISMO,MRC26,PER00403,PERIODISMO ESPECIALIZADO Y REPORTEO EN TERRENO,2,3,72,6,0
CIENCIAS HUMANAS,PERIODISMO,MRC26,FLA00404,FOTOGRAFÍA Y LENGUAJE AUDIOVISUAL,2,4,54,6,0
CIENCIAS HUMANAS,PERIODISMO,MRC26,SCM00404,SOCIAL MEDIA,2,4,54,6,0
CIENCIAS HUMANAS,PERIODISMO,MRC26,LPA00404,LOCUCIÓN PERIODÍSTICA  AUDIOVISUAL,2,4,54,5,0
CIENCIAS HUMANAS,PERIODISMO,MRC26,RSU00404,RESPONSABILIDAD SOCIAL UNIVERSITARIA,2,4,36,3,0
CIENCIAS HUMANAS,PERIODISMO,MRC26,ING00404,INGLÉS IV,2,4,54,4,0
CIENCIAS HUMANAS,PERIODISMO,MRC26,EPR00404,ENTREVISTA PERIODÍSTICA Y REPORTEO EN TERRENO,2,4,72,6,0
CIENCIAS HUMANAS,PERIODISMO,MRC26,VID00405,VISUALIZACIÓN DE DATOS,3,5,54,6,0
CIENCIAS HUMANAS,PERIODISMO,MRC26,IAS00405,INTELIGENCIA ARTIFICIAL PARA EL STORYTELLING,3,5,54,6,0
CIENCIAS HUMANAS,PERIODISMO,MRC26,P1R00405,PERIODISMO RADIAL I,3,5,72,6,0
CIENCIAS HUMANAS,PERIODISMO,MRC26,IMP00405,INTRODUCCIÓN AL MARKETING Y LA PUBLICIDAD,3,5,54,6,0
CIENCIAS HUMANAS,PERIODISMO,MRC26,ICP00405,INGLÉS COMUNICACIONAL PARA PERIODISMO I,3,5,54,4,0
CIENCIAS HUMANAS,PERIODISMO,MRC26,EFG00405,ELECTIVO DE FORMACIÓN GENERAL I,3,5,36,2,0
CIENCIAS HUMANAS,PERIODISMO,MRC26,PED00406,PERIODISMO DE DATOS,3,6,54,6,0
CIENCIAS HUMANAS,PERIODISMO,MRC26,PRA00406,PRODUCCIÓN Y REALIZACIÓN AUDIOVISUAL,3,6,54,6,0
CIENCIAS HUMANAS,PERIODISMO,MRC26,P2R00406,PERIODISMO RADIAL II,3,6,72,6,0
CIENCIAS HUMANAS,PERIODISMO,MRC26,ECI00406,ESTRATEGIAS DE COMUNICACIÓN INTEGRADA,3,6,54,6,0
CIENCIAS HUMANAS,PERIODISMO,MRC26,ICP00406,INGLÉS COMUNICACIONAL PARA PERIODISMO II,3,6,54,4,0
CIENCIAS HUMANAS,PERIODISMO,MRC26,EFG00406,ELECTIVO DE FORMACIÓN GENERAL II,3,6,36,2,0
CIENCIAS HUMANAS,PERIODISMO,MRC26,MTI00407,METODOLOGÍA DE LA INVESTIGACIÓN,4,7,36,5,0
CIENCIAS HUMANAS,PERIODISMO,MRC26,PIR00407,PERIODISMO DE INVESTIGACIÓN Y REPORTAJE,4,7,54,5,0
CIENCIAS HUMANAS,PERIODISMO,MRC26,PNA00407,PERIODISMO Y NARRATIVA  AUDIOVISUAL,4,7,72,6,0
CIENCIAS HUMANAS,PERIODISMO,MRC26,PEP00407,PERIODISMO CRÍTICO Y EDICIÓN DE CONTENDIO PERIODÍSTICO,4,7,54,5,0
CIENCIAS HUMANAS,PERIODISMO,MRC26,CEM00407,COMUNICACIÓN ESTRATÉGICA Y MANEJO DE CRISIS,4,7,54,5,0
CIENCIAS HUMANAS,PERIODISMO,MRC26,ICP00407,INGLÉS COMUNICACIONAL PARA PERIODISMO III,4,7,54,4,0
CIENCIAS HUMANAS,PERIODISMO,MRC26,SMG00408,SEMINARIO DE GRADO,4,8,72,6,0
CIENCIAS HUMANAS,PERIODISMO,MRC26,CIP00408,COMUNICACIÓN INSTITUCIONAL PÚBLICA Y PRIVADA,4,8,54,5,0
CIENCIAS HUMANAS,PERIODISMO,MRC26,PAD00408,PROYECTO AUDIOVISUAL Y DOCUMENTAL,4,8,54,5,0
CIENCIAS HUMANAS,PERIODISMO,MRC26,CMP00408,CONVERGENCIA MULTIPLATAFORMA,4,8,54,5,0
CIENCIAS HUMANAS,PERIODISMO,MRC26,EGP00408,EMPRENDIMIENTO Y GESTIÓN DE PROYECTOS,4,8,36,5,0
CIENCIAS HUMANAS,PERIODISMO,MRC26,ICP00408,INGLÉS COMUNICACIONAL PARA PERIODISMO IV,4,8,54,4,0
CIENCIAS HUMANAS,PERIODISMO,MRC26,LGJ0001,NIV0. LENGUAJE,1,1,40,,1
CIENCIAS HUMANAS,PERIODISMO,MRC26,MAT0001,NIV0. MATEMÁTICAS,1,1,20,,1
CIENCIAS HUMANAS,PERIODISMO,MRC26,TAU0001,NIV0. TALLER AUTOGESTIÓN,1,1,20,,1
CIENCIAS HUMANAS,PERIODISMO,MRC26,TIP0001,NIV0. TALLER INTRODUCCIÓN A LA PROFESIÓN,1,1,20,,1
CIENCIAS MÉDICAS,QUÍMICA Y FARMACIA,MRC26,ALG28401,ALGEBRA,1,1,72,6,0
CIENCIAS MÉDICAS,QUÍMICA Y FARMACIA,MRC26,FBG28401,FUNDAMENTOS DE BIOLOGÍA Y GENÉTICA HUMANA,1,1,54,5,0
CIENCIAS MÉDICAS,QUÍMICA Y FARMACIA,MRC26,IQF28401,INTRODUCCIÓN A LA QUÍMICA Y FARMACIA,1,1,36,5,0
CIENCIAS MÉDICAS,QUÍMICA Y FARMACIA,MRC26,QTL28401,QUÍMICA GENERAL Y TÉCNICAS DE LABORATORIO,1,1,90,7,0
CIENCIAS MÉDICAS,QUÍMICA Y FARMACIA,MRC26,IDU28401,IDENTIDAD UNIVERSITARIA I,1,1,36,6,0
CIENCIAS MÉDICAS,QUÍMICA Y FARMACIA,MRC26,LEN28401,LENGUA EXTRANJERA I,1,1,54,4,0
CIENCIAS MÉDICAS,QUÍMICA Y FARMACIA,MRC26,CAL24802,CÁLCULO,1,2,72,6,0
CIENCIAS MÉDICAS,QUÍMICA Y FARMACIA,MRC26,FGN24802,FÍSICA GENERAL,1,2,72,6,0
CIENCIAS MÉDICAS,QUÍMICA Y FARMACIA,MRC26,FIS24802,FISIOLOGÍA,1,2,72,6,0
CIENCIAS MÉDICAS,QUÍMICA Y FARMACIA,MRC26,QIO24802,QUÍMICA ORGÁNICA,1,2,72,5,0
CIENCIAS MÉDICAS,QUÍMICA Y FARMACIA,MRC26,LEN24802,LENGUA EXTRANJERA II,1,2,54,4,0
CIENCIAS MÉDICAS,QUÍMICA Y FARMACIA,MRC26,IDU24802,IDENTIDAD UNIVERSITARIA II,1,2,36,3,0
CIENCIAS MÉDICAS,QUÍMICA Y FARMACIA,MRC26,FCQ24803,FARMACOQUÍMICA I,2,3,54,6,0
CIENCIAS MÉDICAS,QUÍMICA Y FARMACIA,MRC26,QIA24803,QUÍMICA  ANALÍTICA,2,3,72,6,0
CIENCIAS MÉDICAS,QUÍMICA Y FARMACIA,MRC26,FIS24803,FISIOPATOLOGÍA,2,3,72,6,0
CIENCIAS MÉDICAS,QUÍMICA Y FARMACIA,MRC26,BIO24803,BIOQUÍMICA,2,3,54,4,0
CIENCIAS MÉDICAS,QUÍMICA Y FARMACIA,MRC26,FED24803,FORMACIÓN ÉTICA PARA EL DESARROLLO SOSTENIBLE,2,3,36,3,0
CIENCIAS MÉDICAS,QUÍMICA Y FARMACIA,MRC26,LEN24803,LENGUA EXTRANJERA III,2,3,54,4,0
CIENCIAS MÉDICAS,QUÍMICA Y FARMACIA,MRC26,FSQ24804,FISICOQUÍMICA,2,4,72,4,0
CIENCIAS MÉDICAS,QUÍMICA Y FARMACIA,MRC26,MAI24804,MICROBIOLOGÍA Y AGENTES INFECCIOSOS,2,4,54,4,0
CIENCIAS MÉDICAS,QUÍMICA Y FARMACIA,MRC26,FAR24804,FARMACOLOGÍA I,2,4,72,6,0
CIENCIAS MÉDICAS,QUÍMICA Y FARMACIA,MRC26,AIN24804,ANÁLISIS INSTRUMENTAL,2,4,54,5,0
CIENCIAS MÉDICAS,QUÍMICA Y FARMACIA,MRC26,FQM24804,FARMACOQUÍMICA II,2,4,54,5,0
CIENCIAS MÉDICAS,QUÍMICA Y FARMACIA,MRC26,RSU24804,RESPONSABILIDAD SOCIAL UNIVERSITARIA,2,4,36,3,0
CIENCIAS MÉDICAS,QUÍMICA Y FARMACIA,MRC26,LEN24804,LENGUA EXTRANJERA IV,2,4,54,4,0
CIENCIAS MÉDICAS,QUÍMICA Y FARMACIA,MRC26,BIO24805,BIOESTADÍSTICA,3,5,54,5,0
CIENCIAS MÉDICAS,QUÍMICA Y FARMACIA,MRC26,IGH24805,INMUNOLOGÍA Y GENÉTICA HUMANA,3,5,90,6,0
CIENCIAS MÉDICAS,QUÍMICA Y FARMACIA,MRC26,FAR24805,FARMACOLOGÍA II,3,5,72,5,0
CIENCIAS MÉDICAS,QUÍMICA Y FARMACIA,MRC26,PID24805,PROCESOS INDUSTRIALES,3,5,54,4,0
CIENCIAS MÉDICAS,QUÍMICA Y FARMACIA,MRC26,ECC24805,"ECONOMÍA , CONTABILIDAD Y COSTOS",3,5,72,5,0
CIENCIAS MÉDICAS,QUÍMICA Y FARMACIA,MRC26,PIN24805,PRÁCTICA INTEGRADA,3,5,72,5,0
CIENCIAS MÉDICAS,QUÍMICA Y FARMACIA,MRC26,FCP24806,FARMACOLOGÍA CLÍNICA Y POLIFARMACIA,3,6,72,6,0
CIENCIAS MÉDICAS,QUÍMICA Y FARMACIA,MRC26,TFC24806,TECNOLOGÍA FARMACÉUTICA I,3,6,75,7,0
CIENCIAS MÉDICAS,QUÍMICA Y FARMACIA,MRC26,SCF24806,SISTEMA DE GESTIÓN Y CALIDAD FARMACÉUTICA,3,6,54,4,0
CIENCIAS MÉDICAS,QUÍMICA Y FARMACIA,MRC26,BFG24806,BOTÁNICA Y FARMACOGNOSIA,3,6,54,5,0
CIENCIAS MÉDICAS,QUÍMICA Y FARMACIA,MRC26,SPE24806,SALUD PÚBLICA Y EPIDMIOLOGÍA,3,6,54,4,0
CIENCIAS MÉDICAS,QUÍMICA Y FARMACIA,MRC26,MGT24806,MARKETING Y GESTIÓN DEL TALENTO HUMANO,3,6,54,4,0
CIENCIAS MÉDICAS,QUÍMICA Y FARMACIA,MRC26,FAF24807,FARMACIA  ASISTENCIAL Y FARMACOVIGILANCIA,4,7,90,8,0
CIENCIAS MÉDICAS,QUÍMICA Y FARMACIA,MRC26,BQC24807,BIOQUÍMICA CLÍNICA,4,7,72,6,0
CIENCIAS MÉDICAS,QUÍMICA Y FARMACIA,MRC26,BFC24807,BIOFARMACIA Y FARMACOCINÉTICA,4,7,72,6,0
CIENCIAS MÉDICAS,QUÍMICA Y FARMACIA,MRC26,TOX24807,TOXICOLOGÍA,4,7,72,6,0
CIENCIAS MÉDICAS,QUÍMICA Y FARMACIA,MRC26,EFG24807,ELECTIVO DE FORMACIÓN GENERAL I,4,7,36,2,0
CIENCIAS MÉDICAS,QUÍMICA Y FARMACIA,MRC26,MIN24808,METODOLOGÍA DE LA INVESTIGACIÓN,4,8,54,5,0
CIENCIAS MÉDICAS,QUÍMICA Y FARMACIA,MRC26,LFM24808,LEGISLACIÓN FARMACÉUTICA,4,8,54,5,0
CIENCIAS MÉDICAS,QUÍMICA Y FARMACIA,MRC26,FCI24808,FARMACIA CLÍNICA,4,8,90,8,0
CIENCIAS MÉDICAS,QUÍMICA Y FARMACIA,MRC26,NBR24808,NUTRICIÓN Y BROMATOLOGÍA,4,8,72,6,0
CIENCIAS MÉDICAS,QUÍMICA Y FARMACIA,MRC26,TFC24808,TECNOLOGÍA FARMACÉUTICA II,4,8,72,6,0
CIENCIAS MÉDICAS,QUÍMICA Y FARMACIA,MRC26,EFG24808,ELECTIVO DE FORMACIÓN GENERAL II,4,8,36,2,0
CIENCIAS MÉDICAS,QUÍMICA Y FARMACIA,MRC26,P1F24809,PRÁCTICA FARMACÉUTICA I,5,9,196,10,0
CIENCIAS MÉDICAS,QUÍMICA Y FARMACIA,MRC26,P2F24809,PRÁCTICA FARMACÉUTICA II,5,9,196,10,0
CIENCIAS MÉDICAS,QUÍMICA Y FARMACIA,MRC26,INT24809,INGLÉS TÉCNICO,5,9,36,4,0
CIENCIAS MÉDICAS,QUÍMICA Y FARMACIA,MRC26,ACT24810,ACTIVIDAD DE TITULACIÓN,5,10,356,20,0
CIENCIAS MÉDICAS,QUÍMICA Y FARMACIA,MRC26,01E24810,OPTATIVO DE ESPECIALIZACIÓN I,5,10,36,8,0
CIENCIAS MÉDICAS,QUÍMICA Y FARMACIA,MRC26,02E24810,OPTATIVO DE ESPECIALIZACIÓN II,5,10,36,8,0
CIENCIAS MÉDICAS,QUÍMICA Y FARMACIA,MRC26,CIE0001,NIV0. CIENCIAS,1,1,40,,1
CIENCIAS MÉDICAS,QUÍMICA Y FARMACIA,MRC26,LGJ0001,NIV0. LENGUAJE,1,1,20,,1
CIENCIAS MÉDICAS,QUÍMICA Y FARMACIA,MRC26,MAT0001,NIV0. MATEMÁTICAS,1,1,40,,1
CIENCIAS MÉDICAS,QUÍMICA Y FARMACIA,MRC26,TAU0001,NIV0. TALLER AUTOGESTIÓN,1,1,20,,1
CIENCIAS HUMANAS,PSICOLOGÍA,MRC26,BCE02301,BIOLOGÍA DE LA CONDUCTA Y LA EMOCIÓN,1,1,54,4,0
CIENCIAS HUMANAS,PSICOLOGÍA,MRC26,TPG02301,TALLER DE DESARROLLO PERSONAL Y GRUPAL,1,1,36,5,0
CIENCIAS HUMANAS,PSICOLOGÍA,MRC26,ECS02301,EPISTEMOLOGÍA DE LAS CIENCIAS SOCIALES,1,1,54,7,0
CIENCIAS HUMANAS,PSICOLOGÍA,MRC26,OPS02301,OBJETO DE LA PSICOLOGÍA,1,1,72,7,0
CIENCIAS HUMANAS,PSICOLOGÍA,MRC26,IDU02301,IDENTIDAD UNIVERSITARIA I,1,1,36,3,0
CIENCIAS HUMANAS,PSICOLOGÍA,MRC26,LEN02301,LENGUA EXTRANJERA I,1,1,54,4,0
CIENCIAS HUMANAS,PSICOLOGÍA,MRC26,NEN023002,NEUROANATOMÍA Y NEUROFISIOLOGÍA,1,2,54,4,0
CIENCIAS HUMANAS,PSICOLOGÍA,MRC26,IPO02302,INTERSECCIONALIDAD Y PERSPECTIVA DEL OTRO,1,2,54,5,0
CIENCIAS HUMANAS,PSICOLOGÍA,MRC26,PHP02302,PARADIGMAS HISTÓRICOS DE LA PSICOLOGÍA,1,2,72,7,0
CIENCIAS HUMANAS,PSICOLOGÍA,MRC26,IDU02302,IDENTIDAD UNIVERSITARIA II,1,2,36,3,0
CIENCIAS HUMANAS,PSICOLOGÍA,MRC26,LEN02302,LENGUA EXTRANJERA II,1,2,54,4,0
CIENCIAS HUMANAS,PSICOLOGÍA,MRC26,POB02302,PRÁCTICA OBSERVACIONAL I,1,2,72,7,0
CIENCIAS HUMANAS,PSICOLOGÍA,MRC26,NCC02303,NEUROCIENCIA COGNITIVA CONDUCTUAL,2,3,54,4,0
CIENCIAS HUMANAS,PSICOLOGÍA,MRC26,EPS02303,ELABORACIÓN DE PROYECTOS SOCIALES,2,3,36,4,0
CIENCIAS HUMANAS,PSICOLOGÍA,MRC26,PSD02303,PSICOLOGÍA DEL DESARROLLO I,2,3,72,7,0
CIENCIAS HUMANAS,PSICOLOGÍA,MRC26,DMC02303,DINÁMICAS DE MULTICULTURALIDAD,2,3,54,4,0
CIENCIAS HUMANAS,PSICOLOGÍA,MRC26,FED02303,FORMACIÓN ÉTICA PARA EL DESARROLLO SOSTENIBLE,2,3,36,3,0
CIENCIAS HUMANAS,PSICOLOGÍA,MRC26,EFG02303,ELECTIVO DE FORMACIÓN GENERAL I,2,3,36,2,0
CIENCIAS HUMANAS,PSICOLOGÍA,MRC26,LEN02303,LENGUA EXTRANJERA III,2,3,54,4,0
CIENCIAS HUMANAS,PSICOLOGÍA,MRC26,IMI02304,INTRODUCCIÓN A LA METODOLOGÍA DE LA INVESTIGACIÓN,2,4,54,6,0
CIENCIAS HUMANAS,PSICOLOGÍA,MRC26,PPE02304,PSICOLOGÍA DE LA PERSONALIDAD,2,4,72,5,0
CIENCIAS HUMANAS,PSICOLOGÍA,MRC26,PDE02304,PSICOLOGÍA DEL DESARROLLO II,2,4,72,7,0
CIENCIAS HUMANAS,PSICOLOGÍA,MRC26,RSU02304,RESPONSABILIDAD SOCIAL UNIVERSITARIA,2,4,36,3,0
CIENCIAS HUMANAS,PSICOLOGÍA,MRC26,LEN02304,LENGUA EXTRANJERA IV,2,4,54,4,0
CIENCIAS HUMANAS,PSICOLOGÍA,MRC26,POB02304,PRÁCTICA OBSERVACIONAL II,2,4,72,7,0
CIENCIAS HUMANAS,PSICOLOGÍA,MRC26,MIC02305,METODOLOGÍA DE LA INVESTIGACIÓN CUANTITATIVA,3,5,54,5,0
CIENCIAS HUMANAS,PSICOLOGÍA,MRC26,PSP02305,PSICOPATOLOGÍA,3,5,54,5,0
CIENCIAS HUMANAS,PSICOLOGÍA,MRC26,TCA02305,TEORÍA CLÍNICA PSICOANALÍTICA I,3,5,54,5,0
CIENCIAS HUMANAS,PSICOLOGÍA,MRC26,TCS02305,TEORÍA Y CLÍNICA SISTÉMICA I,3,5,54,5,0
CIENCIAS HUMANAS,PSICOLOGÍA,MRC26,TCC02305,TEORÍA Y CLÍNICA COGNITIVA Y CONDUCTUAL I,3,5,54,5,0
CIENCIAS HUMANAS,PSICOLOGÍA,MRC26,TCH02305,TEORÍA Y CLÍNICA HUMANISTA EXISTENCIAL I,3,5,54,5,0
CIENCIAS HUMANAS,PSICOLOGÍA,MRC26,MIC02306,METODOLOGÍA DE LA INVESTIGACIÓN CUALITATIVA,3,6,54,5,0
CIENCIAS HUMANAS,PSICOLOGÍA,MRC26,PSG02306,PSIQUIATRÍA,3,6,54,5,0
CIENCIAS HUMANAS,PSICOLOGÍA,MRC26,TCP02306,TEORÍA Y CLÍNICA PSICOANALÍTICA II,3,6,72,5,0
CIENCIAS HUMANAS,PSICOLOGÍA,MRC26,TCS02306,TEORÍA Y CLÍNICA SISTÉMICA II,3,6,72,5,0
CIENCIAS HUMANAS,PSICOLOGÍA,MRC26,TCC02306,TEORÍA Y CLÍNICA COGNITIVA Y CONDUCTUAL II,3,6,72,5,0
CIENCIAS HUMANAS,PSICOLOGÍA,MRC26,TCH02306,TEORÍA Y CLÍNICA HUMANISTA EXISTENCIAL II,3,6,72,5,0
CIENCIAS HUMANAS,PSICOLOGÍA,MRC26,PPS02307,PRUEBAS PSICODIAGNÓSTICAS I,4,7,54,5,0
CIENCIAS HUMANAS,PSICOLOGÍA,MRC26,TPG02307,TALLER PROYECTO DE GRADO,4,7,36,4,0
CIENCIAS HUMANAS,PSICOLOGÍA,MRC26,PSJ02307,PSICOLOGÍA JURÍDICA,4,7,54,5,0
CIENCIAS HUMANAS,PSICOLOGÍA,MRC26,PSE02307,PSICOLOGÍA EDUCACIONAL I,4,7,54,5,0
CIENCIAS HUMANAS,PSICOLOGÍA,MRC26,PLO02307,PSICOLOGÍA LABORAL Y ORGANIZACIONAL I,4,7,54,5,0
CIENCIAS HUMANAS,PSICOLOGÍA,MRC26,PSC02307,PSICOLOGÍA SOCIAL CRÍTICA,4,7,54,5,0
CIENCIAS HUMANAS,PSICOLOGÍA,MRC26,EFG02307,ELECTIVO DE FORMACIÓN GENERAL II,4,7,36,2,0
CIENCIAS HUMANAS,PSICOLOGÍA,MRC26,PPS02308,PRUEBAS PSICODIAGNÓSTICAS II,4,8,54,5,0
CIENCIAS HUMANAS,PSICOLOGÍA,MRC26,SMG02308,SEMINARIO DE GRADO,4,8,36,4,0
CIENCIAS HUMANAS,PSICOLOGÍA,MRC26,CIJ02308,CLÍNICA INFANTO JUVENIL,4,8,54,5,0
CIENCIAS HUMANAS,PSICOLOGÍA,MRC26,PSE02308,PSICOLOGÍA EDUCACIONAL II,4,8,54,5,0
CIENCIAS HUMANAS,PSICOLOGÍA,MRC26,PLO02308,PSICOLOGÍA LABORAL Y ORGANIZACIONAL II,4,8,54,5,0
CIENCIAS HUMANAS,PSICOLOGÍA,MRC26,PCO02308,PSICOLOGÍA COMUNITARIA,4,8,54,5,0
CIENCIAS HUMANAS,PSICOLOGÍA,MRC26,O1P02309,OPTATIVO DE CERTIFICACIÓN I,5,9,54,5,0
CIENCIAS HUMANAS,PSICOLOGÍA,MRC26,O2P02309,OPTATIVO DE CERTIFICACIÓN II,5,9,54,5,0
CIENCIAS HUMANAS,PSICOLOGÍA,MRC26,PSD02309,PSICOLOGÍA DEL DEPORTE,5,9,54,5,0
CIENCIAS HUMANAS,PSICOLOGÍA,MRC26,PPA02309,PRÁCTICA Y PROYECTO DE ACCIÓN PROFESIONAL I,5,9,108,16,0
CIENCIAS HUMANAS,PSICOLOGÍA,MRC26,O3P02310,OPTATIVO DE CERTIFICACIÓN III,5,10,54,5,0
CIENCIAS HUMANAS,PSICOLOGÍA,MRC26,O4P02310,OPTATIVO DE CERTIFICACIÓN IV,5,10,54,5,0
CIENCIAS HUMANAS,PSICOLOGÍA,MRC26,PPA02310,PRÁCTICA Y PROYECTO DE ACCIÓN PROFESIONAL II,5,10,108,19,0
CIENCIAS HUMANAS,PSICOLOGÍA,MRC26,LGJ0001,NIV0. LENGUAJE,1,1,40,,1
CIENCIAS HUMANAS,PSICOLOGÍA,MRC26,MAT0001,NIV0. MATEMÁTICAS,1,1,20,,1
CIENCIAS HUMANAS,PSICOLOGÍA,MRC26,TAU0001,NIV0. TALLER AUTOGESTIÓN,1,1,20,,1
CIENCIAS HUMANAS,PSICOLOGÍA,MRC26,TIP0001,NIV0. TALLER INTRODUCCIÓN A LA PROFESIÓN,1,1,20,,1
CIENCIAS DE LA SALUD,TECNOLOGÍA MÉDICA,MRC26-IM,FED24603,FORMACIÓN ÉTICA PARA EL DESARROLLO SOSTENIBBLE,2,3,36,3,0
CIENCIAS DE LA SALUD,TECNOLOGÍA MÉDICA,MRC26-IM,LEN24603,LENGUA EXTRANJERA III,2,3,54,4,0
CIENCIAS DE LA SALUD,TECNOLOGÍA MÉDICA,MRC26-OF,FBG24601,FUNDAMENTOS DE BIOLOGÍA Y GENÉTICA HUMANA,1,1,54,4,0
CIENCIAS DE LA SALUD,TECNOLOGÍA MÉDICA,MRC26-OF,BQB24601,BASES QUÍMICAS Y BIOQUÍMICAS DE LA VIDA,1,1,54,4,0
CIENCIAS DE LA SALUD,TECNOLOGÍA MÉDICA,MRC26-OF,SPF24601,SOCIEDAD Y PROFESIÓN,1,1,36,4,0
CIENCIAS DE LA SALUD,TECNOLOGÍA MÉDICA,MRC26-OF,MAB24601,MATEMÁTICA BÁSICA,1,1,72,9,0
CIENCIAS DE LA SALUD,TECNOLOGÍA MÉDICA,MRC26-OF,IDU24601,IDENTIDAD UNIVERSITARIA I,1,1,36,3,0
CIENCIAS DE LA SALUD,TECNOLOGÍA MÉDICA,MRC26-OF,LEN24601,LENGUA EXTRANJERA I,1,1,54,4,0
CIENCIAS DE LA SALUD,TECNOLOGÍA MÉDICA,MRC26-OF,MAI24602,MICROBIOLOGÍA Y AGENTES INFECCIOSOS,1,2,54,4,0
CIENCIAS DE LA SALUD,TECNOLOGÍA MÉDICA,MRC26-OF,MMM24602,MORFOLOGÍA MICRO Y MACROSCÓPICA,1,2,72,6,0
CIENCIAS DE LA SALUD,TECNOLOGÍA MÉDICA,MRC26-OF,BPA24602,BIOÉTICA Y PSICOLOGÍA APLICADA  A LA  ANTENCION EN SALUD,1,2,36,4,0
CIENCIAS DE LA SALUD,TECNOLOGÍA MÉDICA,MRC26-OF,ESP24602,EPIDEMIOLOGÍA Y SALUD PÚBLICA,1,2,36,4,0
CIENCIAS DE LA SALUD,TECNOLOGÍA MÉDICA,MRC26-OF,MAM24602,MATEMÁTICA PARA LAS MENCIONES,1,2,72,7,0
CIENCIAS DE LA SALUD,TECNOLOGÍA MÉDICA,MRC26-OF,IDU24602,IDENTIDAD UNIVERSITARIA II,1,2,36,3,0
CIENCIAS DE LA SALUD,TECNOLOGÍA MÉDICA,MRC26-OF,LEN24602,LENGUA EXTRANJERA II,1,2,54,4,0
CIENCIAS DE LA SALUD,TECNOLOGÍA MÉDICA,MRC26-OF,FFS24603,FISIOLOGÍA Y FISIOPATOLOGÍA DE SISTEMAS I,2,3,72,6,0
CIENCIAS DE LA SALUD,TECNOLOGÍA MÉDICA,MRC26-OF,QOS24603,QUÍMICA ORGÁNICA PARA LA SALUD,2,3,54,4,0
CIENCIAS DE LA SALUD,TECNOLOGÍA MÉDICA,MRC26-OF,ANO24603,ANATOMÍA OFTALMOLÓGICA,2,3,36,7,0
CIENCIAS DE LA SALUD,TECNOLOGÍA MÉDICA,MRC26-OF,FIB24603,FÍSICA BÁSICA,2,3,72,5,0
CIENCIAS DE LA SALUD,TECNOLOGÍA MÉDICA,MRC26-OF,FED24603,FORMACIÓN ÉTICA PARA EL DESARROLLO SOSTENIBLE,2,3,36,3,0
CIENCIAS DE LA SALUD,TECNOLOGÍA MÉDICA,MRC26-OF,LEN24603,LENGUA EXTRANJERA III,2,3,54,4,0
CIENCIAS DE LA SALUD,TECNOLOGÍA MÉDICA,MRC26-OF,FFS24604,FISIOLOGÍA Y FISIOPATOLOGÍA DE SISTEMAS II,2,4,72,6,0
CIENCIAS DE LA SALUD,TECNOLOGÍA MÉDICA,MRC26-OF,FCF24604,FARMACOLOGÍA CLÍNICA FUNDAMENTAL,2,4,54,4,0
CIENCIAS DE LA SALUD,TECNOLOGÍA MÉDICA,MRC26-OF,FOF24604,FÍSICA PARA OFTALMOLOGÍA,2,4,36,5,0
CIENCIAS DE LA SALUD,TECNOLOGÍA MÉDICA,MRC26-OF,RSU24604,RESPONSABILIDAD SOCIAL UNIVERSITARIA,2,4,36,3,0
CIENCIAS DE LA SALUD,TECNOLOGÍA MÉDICA,MRC26-OF,EFG24604,ELECTIVO DE FORMACIÓN GENERAL I,2,4,36,2,0
CIENCIAS DE LA SALUD,TECNOLOGÍA MÉDICA,MRC26-OF,LEN24604,LENGUA EXTRANJERA IV,2,4,54,4,0
CIENCIAS DE LA SALUD,TECNOLOGÍA MÉDICA,MRC26-OF,PIO24604,PRÁCTICA INTEGRADA EN TMO I,2,4,90,7,0
CIENCIAS DE LA SALUD,TECNOLOGÍA MÉDICA,MRC26-OF,BOF24605,BIOSEGURIDAD OFTALMOLÓGICA,3,5,36,3,0
CIENCIAS DE LA SALUD,TECNOLOGÍA MÉDICA,MRC26-OF,MSU24605,MORFOFISIOPATOLOGÍA DEL SISTEMA VISUAL I,3,5,36,4,0
CIENCIAS DE LA SALUD,TECNOLOGÍA MÉDICA,MRC26-OF,FIO24605,FÍSICA ÓPTICA,3,5,36,4,0
CIENCIAS DE LA SALUD,TECNOLOGÍA MÉDICA,MRC26-OF,EST24605,ESTRABISMO,3,5,72,6,0
CIENCIAS DE LA SALUD,TECNOLOGÍA MÉDICA,MRC26-OF,INM24605,INFORMÁTICA MÉDICA,3,5,36,4,0
CIENCIAS DE LA SALUD,TECNOLOGÍA MÉDICA,MRC26-OF,EFG24605,ELECTIVO DE FORMACIÓN GENERAL II,3,5,36,2,0
CIENCIAS DE LA SALUD,TECNOLOGÍA MÉDICA,MRC26-OF,PIO24605,PRÁCTICA INTEGRADA EN TMO II,3,5,144,7,0
CIENCIAS DE LA SALUD,TECNOLOGÍA MÉDICA,MRC26-OF,FOF24606,FARMACOLOGÍA OFTALMOLÓGICA,3,6,36,4,0
CIENCIAS DE LA SALUD,TECNOLOGÍA MÉDICA,MRC26-OF,MES24606,MÉTODOS DE EXPLORACIÓN DEL SISTEMA VISUAL,3,6,36,4,0
CIENCIAS DE LA SALUD,TECNOLOGÍA MÉDICA,MRC26-OF,MSU24606,MORFOFISIOPATOLOGÍA DEL SISTEMA VISUAL II,3,6,72,6,0
CIENCIAS DE LA SALUD,TECNOLOGÍA MÉDICA,MRC26-OF,TEC24606,TÉCNICAS DE ESTUDIO DEL CAMPO VISUAL,3,6,36,4,0
CIENCIAS DE LA SALUD,TECNOLOGÍA MÉDICA,MRC26-OF,TOP24606,TÉCNICAS DE ORTÓPTICA Y PLEÓPTICA,3,6,36,4,0
CIENCIAS DE LA SALUD,TECNOLOGÍA MÉDICA,MRC26-OF,PIO24606,PRÁCTICA INTEGRADA EN TMO III,3,6,144,8,0
CIENCIAS DE LA SALUD,TECNOLOGÍA MÉDICA,MRC26-OF,EFS24607,EXÁMENES FUNCIONALES DEL SISTEMA VISUAL I,4,7,72,4,0
CIENCIAS DE LA SALUD,TECNOLOGÍA MÉDICA,MRC26-OF,BVS24607,BAJA VISIÓN,4,7,36,4,0
CIENCIAS DE LA SALUD,TECNOLOGÍA MÉDICA,MRC26-OF,NOF24607,NEUROOFTALMOLOGÍA,4,7,36,3,0
CIENCIAS DE LA SALUD,TECNOLOGÍA MÉDICA,MRC26-OF,OPC24607,OPTOMETRÍA CLÍNICA I,4,7,36,4,0
CIENCIAS DE LA SALUD,TECNOLOGÍA MÉDICA,MRC26-OF,PGO24607,PROYECTO DE GRADO I TMO,4,7,36,5,0
CIENCIAS DE LA SALUD,TECNOLOGÍA MÉDICA,MRC26-OF,PIO24607,PRÁCTICA INTEGRADA EN TMO IV,4,7,171,10,0
CIENCIAS DE LA SALUD,TECNOLOGÍA MÉDICA,MRC26-OF,EFS24608,EXÁMENES FUNCIONALES DEL SISTEMA VISUAL II,4,8,36,4,0
CIENCIAS DE LA SALUD,TECNOLOGÍA MÉDICA,MRC26-OF,CRF24608,CIRUGÍA REFRACTIVA,4,8,36,3,0
CIENCIAS DE LA SALUD,TECNOLOGÍA MÉDICA,MRC26-OF,TRV24608,TERAPIA VISUAL,4,8,36,3,0
CIENCIAS DE LA SALUD,TECNOLOGÍA MÉDICA,MRC26-OF,OPC24608,OPTOMETRÍA CLÍNICA II,4,8,36,4,0
CIENCIAS DE LA SALUD,TECNOLOGÍA MÉDICA,MRC26-OF,PGO24608,PROYECTO DE GRADO II TMO,4,8,36,6,0
CIENCIAS DE LA SALUD,TECNOLOGÍA MÉDICA,MRC26-OF,PIO24608,PRÁCTICA INTEGRADA EN TMO V,4,8,171,10,0
CIENCIAS DE LA SALUD,TECNOLOGÍA MÉDICA,MRC26-OF,ICO24609,INTEGRADO CLÍNICO I TMO,5,9,72,6,0
CIENCIAS DE LA SALUD,TECNOLOGÍA MÉDICA,MRC26-OF,GAC24609,"GESTIÓN, ACREDITACIÓN Y CONTROL DE CALIDAD EN SALUD",5,9,36,4,0
CIENCIAS DE LA SALUD,TECNOLOGÍA MÉDICA,MRC26-OF,PPO24609,PRÁCTICA PROFESIONAL I TMO,5,9,300,20,0
CIENCIAS DE LA SALUD,TECNOLOGÍA MÉDICA,MRC26-OF,ICO24610,INTEGRADO CLÍNICO II TMO,5,10,72,10,0
CIENCIAS DE LA SALUD,TECNOLOGÍA MÉDICA,MRC26-OF,PPO24610,PRÁCTICA PROFESIONAL II TMO,5,10,300,20,0
CIENCIAS DE LA SALUD,TECNOLOGÍA MÉDICA,MRC26-BIO,FBG24601,FUNDAMENTOS DE BIOLOGÍA Y GENÉTICA HUMANA,1,1,54,4,0
CIENCIAS DE LA SALUD,TECNOLOGÍA MÉDICA,MRC26-BIO,BQB24601,BASES QUÍMICAS Y BIOQUÍMICAS DE LA VIDA,1,1,54,4,0
CIENCIAS DE LA SALUD,TECNOLOGÍA MÉDICA,MRC26-BIO,SPF24601,SOCIEDAD Y PROFESIÓN,1,1,36,4,0
CIENCIAS DE LA SALUD,TECNOLOGÍA MÉDICA,MRC26-BIO,MAB24601,MATEMÁTICA BÁSICA,1,1,72,9,0
CIENCIAS DE LA SALUD,TECNOLOGÍA MÉDICA,MRC26-BIO,IDU24601,IDENTIDAD UNIVERSITARIA I,1,1,36,3,0
CIENCIAS DE LA SALUD,TECNOLOGÍA MÉDICA,MRC26-BIO,LEN24601,LENGUA EXTRANJERA I,1,1,54,4,0
CIENCIAS DE LA SALUD,TECNOLOGÍA MÉDICA,MRC26-BIO,MAI24602,MICROBIOLOGÍA Y AGENTES INFECCIOSOS,1,2,54,4,0
CIENCIAS DE LA SALUD,TECNOLOGÍA MÉDICA,MRC26-BIO,MMM24602,MORFOLOGÍA MICRO Y MACROSCÓPICA,1,2,72,6,0
CIENCIAS DE LA SALUD,TECNOLOGÍA MÉDICA,MRC26-BIO,BPA24602,BIOÉTICA Y PSICOLOGÍA APLICADA A LA ATENCIÓN EN SALUD,1,2,36,4,0
CIENCIAS DE LA SALUD,TECNOLOGÍA MÉDICA,MRC26-BIO,ESP24602,EPIDEMIOLOGÍA Y SALUD PÚBLICA,1,2,36,4,0
CIENCIAS DE LA SALUD,TECNOLOGÍA MÉDICA,MRC26-BIO,MAM24602,MATEMÁTICA PARA LAS MENCIONES,1,2,72,7,0
CIENCIAS DE LA SALUD,TECNOLOGÍA MÉDICA,MRC26-BIO,IDU24602,IDENTIDAD UNIVERSITARIA II,1,2,36,3,0
CIENCIAS DE LA SALUD,TECNOLOGÍA MÉDICA,MRC26-BIO,LEN24602,LENGUA EXTRANJERA II,1,2,54,4,0
CIENCIAS DE LA SALUD,TECNOLOGÍA MÉDICA,MRC26-BIO,FFS24603,FISIOLOGÍA Y FISIOPATOLOGÍA DE SISTEMAS I,2,3,72,6,0
CIENCIAS DE LA SALUD,TECNOLOGÍA MÉDICA,MRC26-BIO,QOB24603,QUÍMICA ORGÁNICA PARA EL BIOANÁLISIS,2,3,54,4,0
CIENCIAS DE LA SALUD,TECNOLOGÍA MÉDICA,MRC26-BIO,BYM24603,BIOSEGURIDAD Y TOMA DE MUESTRAS,2,3,36,3,0
CIENCIAS DE LA SALUD,TECNOLOGÍA MÉDICA,MRC26-BIO,FBA24603,FÍSICA PARA BIOANÁLISIS,2,3,72,5,0
CIENCIAS DE LA SALUD,TECNOLOGÍA MÉDICA,MRC26-BIO,ICA24603,INMUNOLOGÍA CLÍNICA Y APLICADA,2,3,36,5,0
CIENCIAS DE LA SALUD,TECNOLOGÍA MÉDICA,MRC26-BIO,FED24603,FORMACIÓN ÉTICA PARA EL DESARROLLO SOSTENIBLE,2,3,36,3,0
CIENCIAS DE LA SALUD,TECNOLOGÍA MÉDICA,MRC26-BIO,LEN24603,LENGUA EXTRANJERA III,2,3,54,4,0
CIENCIAS DE LA SALUD,TECNOLOGÍA MÉDICA,MRC26-BIO,FFS24604,FISIOLOGÍA Y FISIOPATOLOGÍA DE SISTEMAS II,2,4,72,6,0
CIENCIAS DE LA SALUD,TECNOLOGÍA MÉDICA,MRC26-BIO,FCF24604,FARMACOLOGÍA CLÍNICA FUNDAMENTAL,2,4,54,4,0
CIENCIAS DE LA SALUD,TECNOLOGÍA MÉDICA,MRC26-BIO,BQA24604,BIOQUÍMICA ANALÍTICA,2,4,72,7,0
CIENCIAS DE LA SALUD,TECNOLOGÍA MÉDICA,MRC26-BIO,RSU24604,RESPONSABILIDAD SOCIAL UNIVERSITARIA,2,4,36,3,0
CIENCIAS DE LA SALUD,TECNOLOGÍA MÉDICA,MRC26-BIO,EFG24604,ELECTIVO DE FORMACIÓN GENERAL I,2,4,36,2,0
CIENCIAS DE LA SALUD,TECNOLOGÍA MÉDICA,MRC26-BIO,LEN24604,LENGUA EXTRANJERA IV,2,4,54,4,0
CIENCIAS DE LA SALUD,TECNOLOGÍA MÉDICA,MRC26-BIO,PIB24604,PRÁCTICA INTEGRADA EN TMB I,2,4,72,4,0
CIENCIAS DE LA SALUD,TECNOLOGÍA MÉDICA,MRC26-BIO,BQC24605,BIOQUÍMICA CLÍNICA I,3,5,108,9,0
CIENCIAS DE LA SALUD,TECNOLOGÍA MÉDICA,MRC26-BIO,MBC24605,MICROBIOLOGÍA CLÍNICA I,3,5,162,10,0
CIENCIAS DE LA SALUD,TECNOLOGÍA MÉDICA,MRC26-BIO,PSC24605,PARASITOLOGÍA CLÍNICA I ,3,5,36,3,0
CIENCIAS DE LA SALUD,TECNOLOGÍA MÉDICA,MRC26-BIO,BIO24605,BIOESTADÍSTICA,3,5,36,3,0
CIENCIAS DE LA SALUD,TECNOLOGÍA MÉDICA,MRC26-BIO,EFG24605,ELECTIVO DE FORMACIÓN GENERAL II,3,5,36,2,0
CIENCIAS DE LA SALUD,TECNOLOGÍA MÉDICA,MRC26-BIO,PIB24605,PRÁCTICA INTEGRADA EN TMB II,3,5,36,3,0
CIENCIAS DE LA SALUD,TECNOLOGÍA MÉDICA,MRC26-BIO,BQC24606,BIOQUÍMICA CLÍNICA II,3,6,108,8,0
CIENCIAS DE LA SALUD,TECNOLOGÍA MÉDICA,MRC26-BIO,MBC24606,MICROBIOLOGÍA CLÍNICA II,3,6,162,10,0
CIENCIAS DE LA SALUD,TECNOLOGÍA MÉDICA,MRC26-BIO,PSC24606,PARASITOLOGÍA CLÍNICA II,3,6,72,6,0
CIENCIAS DE LA SALUD,TECNOLOGÍA MÉDICA,MRC26-BIO,ACL24606,ASEGURAMIENTO DE LA CALIDAD EN EL LABORATORIO,3,6,36,3,0
CIENCIAS DE LA SALUD,TECNOLOGÍA MÉDICA,MRC26-BIO,PIB24606,PRÁCTICA INTEGRADA EN TMB III,3,6,36,3,0
CIENCIAS DE LA SALUD,TECNOLOGÍA MÉDICA,MRC26-BIO,BIM24607,BIOLOGÍA MOLECULAR,4,7,36,3,0
CIENCIAS DE LA SALUD,TECNOLOGÍA MÉDICA,MRC26-BIO,HEM24607,HEMATOLOGÍA I,4,7,108,10,0
CIENCIAS DE LA SALUD,TECNOLOGÍA MÉDICA,MRC26-BIO,INH24607,INMUNOHEMATOLOGÍA,4,7,126,9,0
CIENCIAS DE LA SALUD,TECNOLOGÍA MÉDICA,MRC26-BIO,PGB24607,PROYECTO DE GRADO EN TMB I,4,7,36,5,0
CIENCIAS DE LA SALUD,TECNOLOGÍA MÉDICA,MRC26-BIO,PIB24607,PRÁCTICA INTEGRADA EN TMB IV,4,7,45,3,0
CIENCIAS DE LA SALUD,TECNOLOGÍA MÉDICA,MRC26-BIO,TMA24608,TÉCNICAS MOLECULARES APLICADAS AL DIAGNÓSTICO,4,8,54,4,0
CIENCIAS DE LA SALUD,TECNOLOGÍA MÉDICA,MRC26-BIO,HEM24608,HEMATOLOGÍA II,4,8,108,8,0
CIENCIAS DE LA SALUD,TECNOLOGÍA MÉDICA,MRC26-BIO,MTF24608,MEDICINA TRANSFUSIONAL,4,8,108,9,0
CIENCIAS DE LA SALUD,TECNOLOGÍA MÉDICA,MRC26-BIO,PGB24608,PROYECTO DE GRADO EN TMB II,4,8,36,6,0
CIENCIAS DE LA SALUD,TECNOLOGÍA MÉDICA,MRC26-BIO,PIB24608,PRÁCTICA INTEGRADA EN TMB V,4,8,45,3,0
CIENCIAS DE LA SALUD,TECNOLOGÍA MÉDICA,MRC26-BIO,ICB24609,INTEGRADO CLÍNICO I TMB,5,9,72,6,0
CIENCIAS DE LA SALUD,TECNOLOGÍA MÉDICA,MRC26-BIO,GAC24609,"GESTIÓN, ACREDITACIÓN Y CONTROL DE CALIDAD EN SALUD",5,9,36,4,0
CIENCIAS DE LA SALUD,TECNOLOGÍA MÉDICA,MRC26-BIO,PPB24609,PRÁCTICA PROFESIONAL EN TMB I,5,9,300,20,0
CIENCIAS DE LA SALUD,TECNOLOGÍA MÉDICA,MRC26-BIO,ICB24610,INTEGRADO CLÍNICO EN TMB II,5,10,72,10,0
CIENCIAS DE LA SALUD,TECNOLOGÍA MÉDICA,MRC26-BIO,PPB246610,PRÁCTICA PROFESIONAL EN TMB II,5,10,300,20,0
CIENCIAS DE LA SALUD,TECNOLOGÍA MÉDICA,MRC26-IM,BQB24601,BASES QUÍMICAS Y BIOQUÍMICAS DE LA VIDA,1,1,54,4,0
CIENCIAS DE LA SALUD,TECNOLOGÍA MÉDICA,MRC26-IM,SPF24601,SOCIEDAD Y PROFESIÓN,1,1,36,4,0
CIENCIAS DE LA SALUD,TECNOLOGÍA MÉDICA,MRC26-IM,MAI24602,MICROBIOLOGÍA Y AGENTES INFECCIOSOS,1,2,54,4,0
CIENCIAS DE LA SALUD,TECNOLOGÍA MÉDICA,MRC26-IM,MMM24602,MORFOLOGÍA MICRO Y MACROSCÓPICA,1,2,72,6,0
CIENCIAS DE LA SALUD,TECNOLOGÍA MÉDICA,MRC26-IM,ESP24602,EPIDEMIOLOGÍA Y SALUD PÚBLICA,1,2,36,4,0
CIENCIAS DE LA SALUD,TECNOLOGÍA MÉDICA,MRC26-IM,IDU24602,IDENTIDAD UNIVERSITARIA II,1,2,36,3,0
CIENCIAS DE LA SALUD,TECNOLOGÍA MÉDICA,MRC26-IM,LEN24602,LENGUA EXTRANJERA II,1,2,54,4,0
CIENCIAS DE LA SALUD,TECNOLOGÍA MÉDICA,MRC26-IM,QOS24603,QUÍMICA ORGÁNICA PARA LA SALUD,2,3,54,4,0
CIENCIAS DE LA SALUD,TECNOLOGÍA MÉDICA,MRC26-IM,ANI24603,ANATOMÍA PARA IMAGENOLOGÍA,2,3,36,7,0
CIENCIAS DE LA SALUD,TECNOLOGÍA MÉDICA,MRC26-IM,FFS24604,FISIOLOGÍA Y FISIOPATOLOGÍA DE SISTEMAS II,2,4,72,6,0
CIENCIAS DE LA SALUD,TECNOLOGÍA MÉDICA,MRC26-IM,FCF24604,FARMACOLOGÍA CLÍNICA FUNDAMENTAL,2,4,54,4,0
CIENCIAS DE LA SALUD,TECNOLOGÍA MÉDICA,MRC26-IM,FIM24604,FÍSICA PARA IMAGENOLOGÍA I,2,4,36,5,0
CIENCIAS DE LA SALUD,TECNOLOGÍA MÉDICA,MRC26-IM,EFG24604,ELECTIVO DE FORMACIÓN GENERAL I,2,4,36,2,0
CIENCIAS DE LA SALUD,TECNOLOGÍA MÉDICA,MRC26-IM,RSU24604,RESPONSABILIDAD SOCIAL UNIVERSITARIA,2,4,36,3,0
CIENCIAS DE LA SALUD,TECNOLOGÍA MÉDICA,MRC26-IM,LEN24604,LENGUA EXTRANJERA IV,2,4,54,4,0
CIENCIAS DE LA SALUD,TECNOLOGÍA MÉDICA,MRC26-IM,PII24604,PRÁCTICA INTEGRADA EN TMI I,2,4,108,7,0
CIENCIAS DE LA SALUD,TECNOLOGÍA MÉDICA,MRC26-IM,FIM24605,FÍSICA PARA IMAGENOLOGÍA II,3,5,36,4,0
CIENCIAS DE LA SALUD,TECNOLOGÍA MÉDICA,MRC26-IM,API24605,ANATOMÍA PATÓLOGICA IMAGENOLÓGICA I,3,5,72,7,0
CIENCIAS DE LA SALUD,TECNOLOGÍA MÉDICA,MRC26-IM,PRD24605,PROTECCIÓN RADIOLÓGICA Y DOSIMETRÍA,3,5,36,4,0
CIENCIAS DE LA SALUD,TECNOLOGÍA MÉDICA,MRC26-IM,RDG24605,RADIODIAGNÓSTICO I,3,5,90,6,0
CIENCIAS DE LA SALUD,TECNOLOGÍA MÉDICA,MRC26-IM,EFG24605,ELECTIVO DE FORMACIÓN GENERAL II,3,5,36,2,0
CIENCIAS DE LA SALUD,TECNOLOGÍA MÉDICA,MRC26-IM,PII24605,PRÁCTICA INTEGRADA EN TMI II,3,5,144,7,0
CIENCIAS DE LA SALUD,TECNOLOGÍA MÉDICA,MRC26-IM,UTS24606,ULTRASONIDO I,3,6,36,4,0
CIENCIAS DE LA SALUD,TECNOLOGÍA MÉDICA,MRC26-IM,FIN24606,FÍSICA NUCLEAR,3,6,72,6,0
CIENCIAS DE LA SALUD,TECNOLOGÍA MÉDICA,MRC26-IM,API24606,ANATOMÍA PATOLÓGICA IMAGENOLÓGICA II,3,6,36,6,0
CIENCIAS DE LA SALUD,TECNOLOGÍA MÉDICA,MRC26-IM,TCP24606,TOMOGRAFÍA COMPUTARIZADA I,3,6,36,4,0
CIENCIAS DE LA SALUD,TECNOLOGÍA MÉDICA,MRC26-IM,RDG24606,RADIODIAGNÓSTICO II,3,6,72,3,0
CIENCIAS DE LA SALUD,TECNOLOGÍA MÉDICA,MRC26-IM,PII824606,PRÁCTICA INTEGRADA TMI III,3,6,144,7,0
CIENCIAS DE LA SALUD,TECNOLOGÍA MÉDICA,MRC26-IM,OTS24607,ULTRASONIDO II,4,7,36,4,0
CIENCIAS DE LA SALUD,TECNOLOGÍA MÉDICA,MRC26-IM,MON24607,MEDICINA NUCLEAR,4,7,36,3,0
CIENCIAS DE LA SALUD,TECNOLOGÍA MÉDICA,MRC26-IM,IRM24607,IMAGENOLOGÍA EN RESONANCIA MAGNÉTICA I,4,7,36,3,0
CIENCIAS DE LA SALUD,TECNOLOGÍA MÉDICA,MRC26-IM,TCP24607,TOMOGRAFÍA COMPUTARIZADA II,4,7,36,3,0
CIENCIAS DE LA SALUD,TECNOLOGÍA MÉDICA,MRC26-IM,PGI24607,PROYECTO DE GRADO EN TMI I,4,7,36,5,0
CIENCIAS DE LA SALUD,TECNOLOGÍA MÉDICA,MRC26-IM,PII24607,PRÁCTICA INTEGRADA EN TMI IV,4,7,171,12,0
CIENCIAS DE LA SALUD,TECNOLOGÍA MÉDICA,MRC26-IM,RIN24608,RADIOLOGÍA INTERVENCIONAL,4,8,36,3,0
CIENCIAS DE LA SALUD,TECNOLOGÍA MÉDICA,MRC26-IM,RTP24608,RADIOTERAPIA,4,8,36,3,0
CIENCIAS DE LA SALUD,TECNOLOGÍA MÉDICA,MRC26-IM,IRM24608,IMAGENOLOGÍA EN RESONANCIA MAGNÉTICA II,4,8,36,3,0
CIENCIAS DE LA SALUD,TECNOLOGÍA MÉDICA,MRC26-IM,INM24608,INFORMÁTICA MÉDICA,4,8,36,3,0
CIENCIAS DE LA SALUD,TECNOLOGÍA MÉDICA,MRC26-IM,PGI24608,PROYECTO DE GRADO EN TMI II,4,8,36,6,0
CIENCIAS DE LA SALUD,TECNOLOGÍA MÉDICA,MRC26-IM,PII24608,PRÁCTICA INTEGRADA EN TMI V,4,8,171,12,0
CIENCIAS DE LA SALUD,TECNOLOGÍA MÉDICA,MRC26-IM,ICL24609,INTEGRADO CLÍNICO EN TMI I,4,9,72,6,0
CIENCIAS DE LA SALUD,TECNOLOGÍA MÉDICA,MRC26-IM,GAC24609,"GESTIÓN, ACREDITACIÓN Y CONTROL DE CALIDAD EN SALUD",4,9,36,4,0
CIENCIAS DE LA SALUD,TECNOLOGÍA MÉDICA,MRC26-IM,PPI24609,PRÁCTICA PROFESIONAL EN TMI I,4,9,300,20,0
CIENCIAS DE LA SALUD,TECNOLOGÍA MÉDICA,MRC26-IM,ICL24610,INTEGRADO CLÍNICO EN TMI II,4,10,72,10,0
CIENCIAS DE LA SALUD,TECNOLOGÍA MÉDICA,MRC26-IM,PPI24610,PRÁCTICA PROFESIONAL EN TMI II,4,10,300,20,0
CIENCIAS DE LA SALUD,TECNOLOGÍA MÉDICA,MRC26-IM,FBG24601,FUNDAMENTOS DE BIOLOGÍA Y GENÉTICA HUMANA,1,1,54,4,0
CIENCIAS DE LA SALUD,TECNOLOGÍA MÉDICA,MRC26-IM,MAB24601,MATEMÁTICA BÁSICA,1,1,72,9,0
CIENCIAS DE LA SALUD,TECNOLOGÍA MÉDICA,MRC26-IM,IDU24601,IDENTIDAD UNIVERSITARIA I,1,1,36,3,0
CIENCIAS DE LA SALUD,TECNOLOGÍA MÉDICA,MRC26-IM,LEN24601,LENGUA EXTRANJERA I,1,1,54,4,0
CIENCIAS DE LA SALUD,TECNOLOGÍA MÉDICA,MRC26-IM,BPA24602,BIOÉTICA Y PSICOLOGÍA APLICADA A LA ATENCIÓN EN SALUD,1,2,36,4,0
CIENCIAS DE LA SALUD,TECNOLOGÍA MÉDICA,MRC26-IM,MAM24602,MATEMÁTICA PARA LAS MENCIONES,1,2,72,7,0
CIENCIAS DE LA SALUD,TECNOLOGÍA MÉDICA,MRC26-IM,FFS24603,FISIOLOGÍA Y FISIOPATOLOGÍA DE SISTEMAS I,2,3,72,6,0
CIENCIAS DE LA SALUD,TECNOLOGÍA MÉDICA,MRC26-IM,FIB24603,FÍSICA BÁSICA,2,3,72,5,0
CIENCIAS DE LA SALUD,TECNOLOGÍA MÉDICA,MRC26-IM,CIE0001,NIV0. CIENCIAS,,1,40,,1
CIENCIAS DE LA SALUD,TECNOLOGÍA MÉDICA,MRC26-IM,LGJ0001,NIV0. LENGUAJE,,1,20,,1
CIENCIAS DE LA SALUD,TECNOLOGÍA MÉDICA,MRC26-IM,MAT0001,NIV0. MATEMÁTICAS,,1,40,,1
CIENCIAS DE LA SALUD,TECNOLOGÍA MÉDICA,MRC26-IM,TAU0001,NIV0. TALLER AUTOGESTIÓN,,1,20,,1
CIENCIAS DE LA SALUD,TERAPIA OCUPACIONAL,MRC26,FBG24701,FUNDAMENTOS DE BIOLOGÍA Y GENÉTICA HUMANA,1,1,54,4,0
CIENCIAS DE LA SALUD,TERAPIA OCUPACIONAL,MRC26,PCV24701,PSICOLOGÍA DEL CURSO DE VIDA I,1,1,54,5,0
CIENCIAS DE LA SALUD,TERAPIA OCUPACIONAL,MRC26,OCH24701,OCUPACIÓN HUMANA I,1,1,54,6,0
CIENCIAS DE LA SALUD,TERAPIA OCUPACIONAL,MRC26,EST24701,ESTRATEGIAS TERAPÉUTICAS I,1,1,54,5,0
CIENCIAS DE LA SALUD,TERAPIA OCUPACIONAL,MRC26,BTO24701,BIOÉTICA EN TERAPIA OCUPACIONAL,1,1,36,3,0
CIENCIAS DE LA SALUD,TERAPIA OCUPACIONAL,MRC26,IDU24701,IDENTIDAD UNIVERSITARIA I,1,1,36,3,0
CIENCIAS DE LA SALUD,TERAPIA OCUPACIONAL,MRC26,LEN24701,LENGUA EXTRANJERA I,1,1,54,4,0
CIENCIAS DE LA SALUD,TERAPIA OCUPACIONAL,MRC26,MMM24702,MORFOLOGÍA MICRO Y MACROSCÓPICA,1,2,72,6,0
CIENCIAS DE LA SALUD,TERAPIA OCUPACIONAL,MRC26,PCV24702,PSICOLOGÍA DEL CURSO DE VIDA II,1,2,54,5,0
CIENCIAS DE LA SALUD,TERAPIA OCUPACIONAL,MRC26,OCH24702,OCUPACIÓN HUMANA II,1,2,54,6,0
CIENCIAS DE LA SALUD,TERAPIA OCUPACIONAL,MRC26,EST24702,ESTRATEGIAS TERAPÉUTICAS II,1,2,54,6,0
CIENCIAS DE LA SALUD,TERAPIA OCUPACIONAL,MRC26,IDU24702,IDENTIDAD UNIVERSITARIA II,1,2,36,3,0
CIENCIAS DE LA SALUD,TERAPIA OCUPACIONAL,MRC26,LEN24702,LENGUA EXTRANJERA II,1,2,54,4,0
CIENCIAS DE LA SALUD,TERAPIA OCUPACIONAL,MRC26,NNH24703,NEUROANATOMÍA Y NEUROFISIOLOGÍA HUMANA,2,3,54,4,0
CIENCIAS DE LA SALUD,TERAPIA OCUPACIONAL,MRC26,MOH24703,MOVIMIENTO HUMANO I,2,3,54,5,0
CIENCIAS DE LA SALUD,TERAPIA OCUPACIONAL,MRC26,MIT24703,MODELOS DE INTERVENCIÓN EN TERAPIA OCUPACIONAL I,2,3,72,6,0
CIENCIAS DE LA SALUD,TERAPIA OCUPACIONAL,MRC26,LEN24703,LENGUA EXTRANJERA III,2,3,54,4,0
CIENCIAS DE LA SALUD,TERAPIA OCUPACIONAL,MRC26,FED24703,FORMACIÓN ÉTICA PARA EL DESARROLLO SOSTENIBLE,2,3,36,3,0
CIENCIAS DE LA SALUD,TERAPIA OCUPACIONAL,MRC26,PIT24703,PRÁCTICA INTEGRADA EN TERAPIA OCUPACIONAL I,2,3,54,8,0
CIENCIAS DE LA SALUD,TERAPIA OCUPACIONAL,MRC26,NCC24704,NEUROCIENCIA COGNITIVA CONDUCTUAL,2,4,54,4,0
CIENCIAS DE LA SALUD,TERAPIA OCUPACIONAL,MRC26,MOH24704,MOVIMIENTO HUMANO II,2,4,54,4,0
CIENCIAS DE LA SALUD,TERAPIA OCUPACIONAL,MRC26,MIT24704,MODELOS DE INTERVENCIÓN EN TERAPIA OCUPACIONAL II,2,4,72,5,0
CIENCIAS DE LA SALUD,TERAPIA OCUPACIONAL,MRC26,ATT24704,AYUDAS TÉCNICAS Y TECNOLOGÍA,2,4,54,4,0
CIENCIAS DE LA SALUD,TERAPIA OCUPACIONAL,MRC26,RSU24704,RESPONSABILIDAD SOCIAL UNIVERSITARIA,2,4,36,3,0
CIENCIAS DE LA SALUD,TERAPIA OCUPACIONAL,MRC26,LEN24704,LENGUA EXTRANJERA IV,2,4,54,4,0
CIENCIAS DE LA SALUD,TERAPIA OCUPACIONAL,MRC26,PIT24704,PRÁCTICA INTEGRADA EN TERAPIA OCUPACIONAL II,2,4,54,6,0
CIENCIAS DE LA SALUD,TERAPIA OCUPACIONAL,MRC26,SOE24705,SALUD OCUPACIONAL Y ERGONOMÍA,3,5,54,4,0
CIENCIAS DE LA SALUD,TERAPIA OCUPACIONAL,MRC26,ITO24705,INCLUSIÓN SOCIAL EN TERAPIA OCUPACIONAL,3,5,54,6,0
CIENCIAS DE LA SALUD,TERAPIA OCUPACIONAL,MRC26,BIT24705,BASES CLÍNICAS PARA LA INTERVENCIÓN DE TERAPIA OCUPACIONAL,3,5,54,4,0
CIENCIAS DE LA SALUD,TERAPIA OCUPACIONAL,MRC26,OAD24705,ÓRTESIS Y ADAPTACIONES,3,5,72,6,0
CIENCIAS DE LA SALUD,TERAPIA OCUPACIONAL,MRC26,EFG24705,ELECTIVO DE FORMACIÓN GENERAL I,3,5,36,2,0
CIENCIAS DE LA SALUD,TERAPIA OCUPACIONAL,MRC26,PIT24705,PRÁCTICA INTEGRADA EN TERAPIA OCUPACIONAL III,3,5,84,8,0
CIENCIAS DE LA SALUD,TERAPIA OCUPACIONAL,MRC26,PPS24706,POLÍTICAS PÚBLICAS SOCIOSANITARIAS,3,6,36,6,0
CIENCIAS DE LA SALUD,TERAPIA OCUPACIONAL,MRC26,IIA24706,INTERVENCIÓN EN INFANTO ADOLESCENTE I,3,6,54,5,0
CIENCIAS DE LA SALUD,TERAPIA OCUPACIONAL,MRC26,IAD24706,INTERVENCIÓN EN ADULTEZ I,3,6,54,5,0
CIENCIAS DE LA SALUD,TERAPIA OCUPACIONAL,MRC26,IEN24706,INTERVENCIÓN EN ENVEJECIMIENTO I,3,6,54,5,0
CIENCIAS DE LA SALUD,TERAPIA OCUPACIONAL,MRC26,EFG24706,ELECTIVO DE FORMACIÓN GENERAL II,3,6,36,2,0
CIENCIAS DE LA SALUD,TERAPIA OCUPACIONAL,MRC26,PIT24706,PRÁCTICA INTEGRADA EN TERAPIA OCUPACIONAL IV,3,6,84,7,0
CIENCIAS DE LA SALUD,TERAPIA OCUPACIONAL,MRC26,GAS24707,GESTIÓN Y ADMINISTRACIÓN SOCIOSANITARIA,4,7,36,3,0
CIENCIAS DE LA SALUD,TERAPIA OCUPACIONAL,MRC26,ITO24707,INVESTIGACIÓN EN TERAPIA OCUPACIONAL,4,7,72,4,0
CIENCIAS DE LA SALUD,TERAPIA OCUPACIONAL,MRC26,IIA24707,INTERVENCIÓN EN INFANTO ADOLESCENTE II,4,7,54,5,0
CIENCIAS DE LA SALUD,TERAPIA OCUPACIONAL,MRC26,IAD24707,INTERVENCIÓN EN ADULTEZ II,4,7,54,5,0
CIENCIAS DE LA SALUD,TERAPIA OCUPACIONAL,MRC26,IEN24707,INTERVENCIÓN EN ENVEJECIMIENTO II,4,7,54,5,0
CIENCIAS DE LA SALUD,TERAPIA OCUPACIONAL,MRC26,PIT24707,PRÁCTICA INTEGRADA EN TERAPIA OCUPACIONAL V,4,7,92,8,0
CIENCIAS DE LA SALUD,TERAPIA OCUPACIONAL,MRC26,GIC24708,GESTIÓN E INTERVENCIÓN COMUNITARIA,4,8,54,3,0
CIENCIAS DE LA SALUD,TERAPIA OCUPACIONAL,MRC26,TGR24708,TRABAJO DE GRADO,4,8,72,4,0
CIENCIAS DE LA SALUD,TERAPIA OCUPACIONAL,MRC26,IIA24708,INTERVENCIÓN EN INFANTO ADOLESCENTE III,4,8,54,5,0
CIENCIAS DE LA SALUD,TERAPIA OCUPACIONAL,MRC26,IAD24708,INTERVENCIÓN EN ADULTEZ III,4,8,54,5,0
CIENCIAS DE LA SALUD,TERAPIA OCUPACIONAL,MRC26,IEN24708,INTERVENCIÓN EN ENVEJECIMIENTO III,4,8,54,5,0
CIENCIAS DE LA SALUD,TERAPIA OCUPACIONAL,MRC26,PIT24708,PRÁCTICA INTEGRADA EN TERAPIA OCUPACIONAL VI,4,8,92,8,0
CIENCIAS DE LA SALUD,TERAPIA OCUPACIONAL,MRC26,P1P24709,PRÁCTICA PROFESIONAL I,5,9,240,13,0
CIENCIAS DE LA SALUD,TERAPIA OCUPACIONAL,MRC26,P2P24709,PRÁCTICA PROFESONAL II,5,9,240,13,0
CIENCIAS DE LA SALUD,TERAPIA OCUPACIONAL,MRC26,HPR24709,HABILIDADES PROFESIONALES,5,9,36,4,0
CIENCIAS DE LA SALUD,TERAPIA OCUPACIONAL,MRC26,P3P24710,PRÁCTICA PROFESIONAL III,5,10,240,13,0
CIENCIAS DE LA SALUD,TERAPIA OCUPACIONAL,MRC26,P4P24710,PRÁCTICA PROFESIONAL IV,5,10,240,13,0
CIENCIAS DE LA SALUD,TERAPIA OCUPACIONAL,MRC26,OPF24710,OPTATIVO DE PROFUNDIZACIÓN,5,10,36,4,0
CIENCIAS DE LA SALUD,TERAPIA OCUPACIONAL,MRC26,CIE0001,NIV0. CIENCIAS,1,1,40,,1
CIENCIAS DE LA SALUD,TERAPIA OCUPACIONAL,MRC26,LGJ0001,NIV0. LENGUAJE,1,1,20,,1
CIENCIAS DE LA SALUD,TERAPIA OCUPACIONAL,MRC26,MAT0001,NIV0. MATEMÁTICAS,1,1,40,,1
CIENCIAS DE LA SALUD,TERAPIA OCUPACIONAL,MRC26,TAU0001,NIV0. TALLER AUTOGESTIÓN,1,1,20,,1
CIENCIAS HUMANAS,TRABAJO SOCIAL,MRC26,ITS35401,INTRODUCCIÓN AL TRABAJO SOCIAL,1,1,72,6,0
CIENCIAS HUMANAS,TRABAJO SOCIAL,MRC26,TPT35401,TALLER: LA PERSONA DEL TRABAJADOR SOCIAL,1,1,72,6,0
CIENCIAS HUMANAS,TRABAJO SOCIAL,MRC26,SIS35401,SOCIOLOGÍA PARA LA INTERVENCIÓN SOCIAL,1,1,54,6,0
CIENCIAS HUMANAS,TRABAJO SOCIAL,MRC26,PIS35401,PSICOLOGÍA PARA LA INTERVENCIÓN SOCIAL,1,1,54,6,0
CIENCIAS HUMANAS,TRABAJO SOCIAL,MRC26,IDU35401,IDENTIDAD UNIVERSITARIA I,1,1,36,3,0
CIENCIAS HUMANAS,TRABAJO SOCIAL,MRC26,LEN35401,LENGUA EXTRANJERA I,1,1,54,4,0
CIENCIAS HUMANAS,TRABAJO SOCIAL,MRC26,ASS35402,ANTROPOLOGÍA SOCIAL SITUADA,1,2,54,5,0
CIENCIAS HUMANAS,TRABAJO SOCIAL,MRC26,MIS35402,METODOLOGÍA PARA INTERVENCIÓN SOCIAL,1,2,72,6,0
CIENCIAS HUMANAS,TRABAJO SOCIAL,MRC26,PSC35402,PSICOLOGÍA SOCIAL CONTEMPORÁNEA,1,2,54,5,0
CIENCIAS HUMANAS,TRABAJO SOCIAL,MRC26,IDU35402,IDENTIDAD UNIVERSITARIA II,1,2,36,3,0
CIENCIAS HUMANAS,TRABAJO SOCIAL,MRC26,LEN35402,LENGUA EXTRANJERA II,1,2,54,4,0
CIENCIAS HUMANAS,TRABAJO SOCIAL,MRC26,PIO35402,PRÁCTICA I: OBSERVACIÓN,1,2,72,6,0
CIENCIAS HUMANAS,TRABAJO SOCIAL,MRC26,MII35403,METODOLOGÍA PARA LA INTERVENCIÓN: INDIVIDUO Y FAMILIA,2,3,72,7,0
CIENCIAS HUMANAS,TRABAJO SOCIAL,MRC26,ESD35403,ENCUADRE SOCIOPOLÍTICO Y DETERMINANTES SOCIALES DE LA SALUD,2,3,72,7,0
CIENCIAS HUMANAS,TRABAJO SOCIAL,MRC26,DTS35403,DEONTOLOGÍA DEL TRABAJO SOCIAL,2,3,54,6,0
CIENCIAS HUMANAS,TRABAJO SOCIAL,MRC26,FED35403,FORMACIÓN ÉTICA PARA EL DESARROLLO SOSTENIBLE,2,3,36,3,0
CIENCIAS HUMANAS,TRABAJO SOCIAL,MRC26,EFG35403,ELECTIVO DE FORMACIÓN GENERAL I,2,3,36,2,0
CIENCIAS HUMANAS,TRABAJO SOCIAL,MRC26,LEN35403,LENGUA EXTRANJERA III,2,3,54,4,0
CIENCIAS HUMANAS,TRABAJO SOCIAL,MRC26,EIS35404,EPISTEMOLOGÍA E INVESTIGACIÓN SOCIAL,2,4,72,6,0
CIENCIAS HUMANAS,TRABAJO SOCIAL,MRC26,MIG35404,METODOLOGÍA PARA LA INTERVENCIÓN EN GRUPOS Y REDES,2,4,72,6,0
CIENCIAS HUMANAS,TRABAJO SOCIAL,MRC26,PSM35404,PSICOPATOLOGÍA Y SALUD MENTAL,2,4,54,6,0
CIENCIAS HUMANAS,TRABAJO SOCIAL,MRC26,RSU35404,RESPONSABILIDAD SOCIAL UNIVERSITARIA,2,4,36,3,0
CIENCIAS HUMANAS,TRABAJO SOCIAL,MRC26,LEN35404,LENGUA EXTRANJERA IV,2,4,54,4,0
CIENCIAS HUMANAS,TRABAJO SOCIAL,MRC26,PIF35404,PRÁCTICA II: INDIVIDUO Y FAMILIA,2,4,72,6,0
CIENCIAS HUMANAS,TRABAJO SOCIAL,MRC26,EAI35405,ESTADÍSTICA Y ANÁLISIS PARA LA INVESTIGACIÓN SOCIAL,3,5,54,5,0
CIENCIAS HUMANAS,TRABAJO SOCIAL,MRC26,MIC35405,METODOLOGÍA PARA LA INTERVENCIÓN EN COMUNIDAD Y CUIDADANÍA,3,5,54,5,0
CIENCIAS HUMANAS,TRABAJO SOCIAL,MRC26,PNS35405,PLANIFICACIÓN SOCIAL,3,5,54,5,0
CIENCIAS HUMANAS,TRABAJO SOCIAL,MRC26,MTF35405,MODELOS Y TEORÍAS FAMILIARES,3,5,54,5,0
CIENCIAS HUMANAS,TRABAJO SOCIAL,MRC26,FSP35405,FUNDAMENTOS SOCIO-JURÍDICOS DEL ESTADO Y LAS POLÍTICAS PÚBLICAS,3,5,54,5,0
CIENCIAS HUMANAS,TRABAJO SOCIAL,MRC26,FSI35405,FUNDAMENTOS SOCIO-JURÍDICOS DEL INDIVIDUO Y FAMILIA,3,5,54,5,0
CIENCIAS HUMANAS,TRABAJO SOCIAL,MRC26,MIC35406,METODOLOGÍA DE INVESTIGACIÓN CUANTITATIVA,3,6,54,5,0
CIENCIAS HUMANAS,TRABAJO SOCIAL,MRC26,DPI35406,"DERECHOS HUMANOS, PERSPECTIVAS DE GÉNERO E INTERCULTURALIDAD",3,6,54,5,0
CIENCIAS HUMANAS,TRABAJO SOCIAL,MRC26,DPP35406,DISEÑO DE PROGRAMAS Y PROYECTOS SOCIALES,3,6,54,5,0
CIENCIAS HUMANAS,TRABAJO SOCIAL,MRC26,TSS35406,TRABAJO SOCIAL CLÍNICO Y SALUD MENTAL,3,6,54,5,0
CIENCIAS HUMANAS,TRABAJO SOCIAL,MRC26,TEP35406,TEORÍA POLÍTICA,3,6,54,4,0
CIENCIAS HUMANAS,TRABAJO SOCIAL,MRC26,PGR35406,PRÁCTICA III: GRUPOS Y REDES,3,6,72,6,0
CIENCIAS HUMANAS,TRABAJO SOCIAL,MRC26,MIC35407,METODOLOGÍA DE INVESTIGACIÓN CUALITATIVA,4,7,54,5,0
CIENCIAS HUMANAS,TRABAJO SOCIAL,MRC26,GTS35407,GERONTOLOGÍA SOCIAL,4,7,36,4,0
CIENCIAS HUMANAS,TRABAJO SOCIAL,MRC26,ITC35407,INTERVENCIÓN EN CRISIS,4,7,54,5,0
CIENCIAS HUMANAS,TRABAJO SOCIAL,MRC26,IGE35407,INTRODUCCIÓN A LA GESTIÓN ECONÓMICA,4,7,72,4,0
CIENCIAS HUMANAS,TRABAJO SOCIAL,MRC26,SGS35407,SEGURIDAD SOCIAL,4,7,54,5,0
CIENCIAS HUMANAS,TRABAJO SOCIAL,MRC26,LPL35407,LEGISLACIÓN Y PROTECCIÓN LABORAL,4,7,54,5,0
CIENCIAS HUMANAS,TRABAJO SOCIAL,MRC26,EFG35407,ELECTIVO DE FORMACIÓN GENERAL II,4,7,36,2,0
CIENCIAS HUMANAS,TRABAJO SOCIAL,MRC26,EAC35408,ESTRATEGIAS DE AFRONTAMIENTO EN CRISIS NO NORMATIVAS,4,8,54,5,0
CIENCIAS HUMANAS,TRABAJO SOCIAL,MRC26,GCM35408,GESTIÓN DEL CONFLICTO Y MEDIACIÓN,4,8,54,4,0
CIENCIAS HUMANAS,TRABAJO SOCIAL,MRC26,PSF35408,PERITAJE SOCIOFAMILIAR,4,8,54,5,0
CIENCIAS HUMANAS,TRABAJO SOCIAL,MRC26,TOE35408,"TRABAJO SOCIAL ORGANIZACIONAL, EMPRENDIMIENTO E INNOVACIÓN",4,8,36,4,0
CIENCIAS HUMANAS,TRABAJO SOCIAL,MRC26,SEG38408,SEMINARIO DE GRADO,4,8,54,6,0
CIENCIAS HUMANAS,TRABAJO SOCIAL,MRC26,PCC35408,PRÁCTICA INTEGRADA: COMUNIDAD Y CUIDADANÍA,4,8,72,6,0
CIENCIAS HUMANAS,TRABAJO SOCIAL,MRC26,EPP35409,EVALUACIÓN DE PROGRAMAS Y PROYECTOS SOCIALES,4,9,54,6,0
CIENCIAS HUMANAS,TRABAJO SOCIAL,MRC26,O1EA35409,OPTATIVO DE ESPECIALIZACIÓN I (A),4,9,36,4,0
CIENCIAS HUMANAS,TRABAJO SOCIAL,MRC26,O2EA35409,OPTATIVO DE ESPECIALIZACIÓN II (A),4,9,36,4,0
CIENCIAS HUMANAS,TRABAJO SOCIAL,MRC26,O3EA35409,OPTATIVO DE ESPECIALIZACIÓN III (A),4,9,36,4,0
CIENCIAS HUMANAS,TRABAJO SOCIAL,MRC26,O1EB35409,OPTATIVO DE ESPECIALIZACIÓN I (B),4,9,36,4,0
CIENCIAS HUMANAS,TRABAJO SOCIAL,MRC26,O2EB35409,OPTATIVO DE ESPECIALIZACIÓN II (B),4,9,36,4,0
CIENCIAS HUMANAS,TRABAJO SOCIAL,MRC26,O3EB35409,OPTATIVO DE ESPECIALIZACIÓN III (B),4,9,36,4,0
CIENCIAS HUMANAS,TRABAJO SOCIAL,MRC26,PPF35409,PRÁCTICA PROFESIONAL,4,9,144,12,0
CIENCIAS HUMANAS,TRABAJO SOCIAL,MRC26,LGJ0001,NIV0. LENGUAJE,1,1,40,,1
CIENCIAS HUMANAS,TRABAJO SOCIAL,MRC26,MAT0001,NIV0. MATEMÁTICAS,1,1,20,,1
CIENCIAS HUMANAS,TRABAJO SOCIAL,MRC26,TAU0001,NIV0. TALLER AUTOGESTIÓN,1,1,20,,1
CIENCIAS HUMANAS,TRABAJO SOCIAL,MRC26,TIP0001,NIV0. TALLER INTRODUCCIÓN A LA PROFESIÓN,1,1,20,,1